nav #                 start point           target point          bigstride steps       stride size           path length           
1                     (10, 25)              (20, 30)              1                     1                     11                    
1                     (10, 25)              (20, 30)              1                     2                     10                    
1                     (10, 25)              (20, 30)              2                     1                     11                    
1                     (10, 25)              (20, 30)              2                     2                     9                     
2                     (10, 25)              (20, 31)              1                     1                     11                    
2                     (10, 25)              (20, 31)              1                     2                     10                    
2                     (10, 25)              (20, 31)              2                     1                     11                    
2                     (10, 25)              (20, 31)              2                     2                     9                     
3                     (10, 25)              (20, 32)              1                     1                     11                    
3                     (10, 25)              (20, 32)              1                     2                     10                    
3                     (10, 25)              (20, 32)              2                     1                     11                    
3                     (10, 25)              (20, 32)              2                     2                     9                     
4                     (10, 25)              (20, 33)              1                     1                     11                    
4                     (10, 25)              (20, 33)              1                     2                     10                    
4                     (10, 25)              (20, 33)              2                     1                     11                    
4                     (10, 25)              (20, 33)              2                     2                     9                     
5                     (10, 25)              (20, 34)              1                     1                     11                    
5                     (10, 25)              (20, 34)              1                     2                     10                    
5                     (10, 25)              (20, 34)              2                     1                     11                    
5                     (10, 25)              (20, 34)              2                     2                     9                     
6                     (10, 25)              (21, 30)              1                     1                     12                    
6                     (10, 25)              (21, 30)              1                     2                     11                    
6                     (10, 25)              (21, 30)              2                     1                     12                    
6                     (10, 25)              (21, 30)              2                     2                     10                    
7                     (10, 25)              (21, 31)              1                     1                     12                    
7                     (10, 25)              (21, 31)              1                     2                     11                    
7                     (10, 25)              (21, 31)              2                     1                     12                    
7                     (10, 25)              (21, 31)              2                     2                     10                    
8                     (10, 25)              (21, 32)              1                     1                     12                    
8                     (10, 25)              (21, 32)              1                     2                     11                    
8                     (10, 25)              (21, 32)              2                     1                     12                    
8                     (10, 25)              (21, 32)              2                     2                     10                    
9                     (10, 25)              (21, 33)              1                     1                     12                    
9                     (10, 25)              (21, 33)              1                     2                     11                    
9                     (10, 25)              (21, 33)              2                     1                     12                    
9                     (10, 25)              (21, 33)              2                     2                     10                    
10                    (10, 25)              (21, 34)              1                     1                     12                    
10                    (10, 25)              (21, 34)              1                     2                     11                    
10                    (10, 25)              (21, 34)              2                     1                     12                    
10                    (10, 25)              (21, 34)              2                     2                     10                    
11                    (10, 25)              (22, 30)              1                     1                     13                    
11                    (10, 25)              (22, 30)              1                     2                     12                    
11                    (10, 25)              (22, 30)              2                     1                     13                    
11                    (10, 25)              (22, 30)              2                     2                     11                    
12                    (10, 25)              (22, 31)              1                     1                     13                    
12                    (10, 25)              (22, 31)              1                     2                     12                    
12                    (10, 25)              (22, 31)              2                     1                     13                    
12                    (10, 25)              (22, 31)              2                     2                     11                    
13                    (10, 25)              (22, 32)              1                     1                     13                    
13                    (10, 25)              (22, 32)              1                     2                     12                    
13                    (10, 25)              (22, 32)              2                     1                     13                    
13                    (10, 25)              (22, 32)              2                     2                     11                    
14                    (10, 25)              (22, 33)              1                     1                     13                    
14                    (10, 25)              (22, 33)              1                     2                     12                    
14                    (10, 25)              (22, 33)              2                     1                     13                    
14                    (10, 25)              (22, 33)              2                     2                     11                    
15                    (10, 25)              (22, 34)              1                     1                     13                    
15                    (10, 25)              (22, 34)              1                     2                     12                    
15                    (10, 25)              (22, 34)              2                     1                     13                    
15                    (10, 25)              (22, 34)              2                     2                     11                    
16                    (10, 25)              (23, 30)              1                     1                     14                    
16                    (10, 25)              (23, 30)              1                     2                     13                    
16                    (10, 25)              (23, 30)              2                     1                     14                    
16                    (10, 25)              (23, 30)              2                     2                     12                    
17                    (10, 25)              (23, 31)              1                     1                     14                    
17                    (10, 25)              (23, 31)              1                     2                     13                    
17                    (10, 25)              (23, 31)              2                     1                     14                    
17                    (10, 25)              (23, 31)              2                     2                     12                    
18                    (10, 25)              (23, 32)              1                     1                     14                    
18                    (10, 25)              (23, 32)              1                     2                     13                    
18                    (10, 25)              (23, 32)              2                     1                     14                    
18                    (10, 25)              (23, 32)              2                     2                     12                    
19                    (10, 25)              (23, 33)              1                     1                     14                    
19                    (10, 25)              (23, 33)              1                     2                     13                    
19                    (10, 25)              (23, 33)              2                     1                     14                    
19                    (10, 25)              (23, 33)              2                     2                     12                    
20                    (10, 25)              (23, 34)              1                     1                     14                    
20                    (10, 25)              (23, 34)              1                     2                     13                    
20                    (10, 25)              (23, 34)              2                     1                     14                    
20                    (10, 25)              (23, 34)              2                     2                     12                    
21                    (10, 25)              (24, 30)              1                     1                     15                    
21                    (10, 25)              (24, 30)              1                     2                     14                    
21                    (10, 25)              (24, 30)              2                     1                     15                    
21                    (10, 25)              (24, 30)              2                     2                     13                    
22                    (10, 25)              (24, 31)              1                     1                     15                    
22                    (10, 25)              (24, 31)              1                     2                     14                    
22                    (10, 25)              (24, 31)              2                     1                     15                    
22                    (10, 25)              (24, 31)              2                     2                     13                    
23                    (10, 25)              (24, 32)              1                     1                     15                    
23                    (10, 25)              (24, 32)              1                     2                     14                    
23                    (10, 25)              (24, 32)              2                     1                     15                    
23                    (10, 25)              (24, 32)              2                     2                     13                    
24                    (10, 25)              (24, 33)              1                     1                     15                    
24                    (10, 25)              (24, 33)              1                     2                     14                    
24                    (10, 25)              (24, 33)              2                     1                     15                    
24                    (10, 25)              (24, 33)              2                     2                     13                    
25                    (10, 25)              (24, 34)              1                     1                     15                    
25                    (10, 25)              (24, 34)              1                     2                     14                    
25                    (10, 25)              (24, 34)              2                     1                     15                    
25                    (10, 25)              (24, 34)              2                     2                     13                    
26                    (10, 26)              (20, 30)              1                     1                     11                    
26                    (10, 26)              (20, 30)              1                     2                     10                    
26                    (10, 26)              (20, 30)              2                     1                     11                    
26                    (10, 26)              (20, 30)              2                     2                     9                     
27                    (10, 26)              (20, 31)              1                     1                     11                    
27                    (10, 26)              (20, 31)              1                     2                     10                    
27                    (10, 26)              (20, 31)              2                     1                     11                    
27                    (10, 26)              (20, 31)              2                     2                     9                     
28                    (10, 26)              (20, 32)              1                     1                     11                    
28                    (10, 26)              (20, 32)              1                     2                     10                    
28                    (10, 26)              (20, 32)              2                     1                     11                    
28                    (10, 26)              (20, 32)              2                     2                     9                     
29                    (10, 26)              (20, 33)              1                     1                     11                    
29                    (10, 26)              (20, 33)              1                     2                     10                    
29                    (10, 26)              (20, 33)              2                     1                     11                    
29                    (10, 26)              (20, 33)              2                     2                     9                     
30                    (10, 26)              (20, 34)              1                     1                     11                    
30                    (10, 26)              (20, 34)              1                     2                     10                    
30                    (10, 26)              (20, 34)              2                     1                     11                    
30                    (10, 26)              (20, 34)              2                     2                     9                     
31                    (10, 26)              (21, 30)              1                     1                     12                    
31                    (10, 26)              (21, 30)              1                     2                     11                    
31                    (10, 26)              (21, 30)              2                     1                     12                    
31                    (10, 26)              (21, 30)              2                     2                     10                    
32                    (10, 26)              (21, 31)              1                     1                     12                    
32                    (10, 26)              (21, 31)              1                     2                     11                    
32                    (10, 26)              (21, 31)              2                     1                     12                    
32                    (10, 26)              (21, 31)              2                     2                     10                    
33                    (10, 26)              (21, 32)              1                     1                     12                    
33                    (10, 26)              (21, 32)              1                     2                     11                    
33                    (10, 26)              (21, 32)              2                     1                     12                    
33                    (10, 26)              (21, 32)              2                     2                     10                    
34                    (10, 26)              (21, 33)              1                     1                     12                    
34                    (10, 26)              (21, 33)              1                     2                     11                    
34                    (10, 26)              (21, 33)              2                     1                     12                    
34                    (10, 26)              (21, 33)              2                     2                     10                    
35                    (10, 26)              (21, 34)              1                     1                     12                    
35                    (10, 26)              (21, 34)              1                     2                     11                    
35                    (10, 26)              (21, 34)              2                     1                     12                    
35                    (10, 26)              (21, 34)              2                     2                     10                    
36                    (10, 26)              (22, 30)              1                     1                     13                    
36                    (10, 26)              (22, 30)              1                     2                     12                    
36                    (10, 26)              (22, 30)              2                     1                     13                    
36                    (10, 26)              (22, 30)              2                     2                     11                    
37                    (10, 26)              (22, 31)              1                     1                     13                    
37                    (10, 26)              (22, 31)              1                     2                     12                    
37                    (10, 26)              (22, 31)              2                     1                     13                    
37                    (10, 26)              (22, 31)              2                     2                     11                    
38                    (10, 26)              (22, 32)              1                     1                     13                    
38                    (10, 26)              (22, 32)              1                     2                     12                    
38                    (10, 26)              (22, 32)              2                     1                     13                    
38                    (10, 26)              (22, 32)              2                     2                     11                    
39                    (10, 26)              (22, 33)              1                     1                     13                    
39                    (10, 26)              (22, 33)              1                     2                     12                    
39                    (10, 26)              (22, 33)              2                     1                     13                    
39                    (10, 26)              (22, 33)              2                     2                     11                    
40                    (10, 26)              (22, 34)              1                     1                     13                    
40                    (10, 26)              (22, 34)              1                     2                     12                    
40                    (10, 26)              (22, 34)              2                     1                     13                    
40                    (10, 26)              (22, 34)              2                     2                     11                    
41                    (10, 26)              (23, 30)              1                     1                     14                    
41                    (10, 26)              (23, 30)              1                     2                     13                    
41                    (10, 26)              (23, 30)              2                     1                     14                    
41                    (10, 26)              (23, 30)              2                     2                     12                    
42                    (10, 26)              (23, 31)              1                     1                     14                    
42                    (10, 26)              (23, 31)              1                     2                     13                    
42                    (10, 26)              (23, 31)              2                     1                     14                    
42                    (10, 26)              (23, 31)              2                     2                     12                    
43                    (10, 26)              (23, 32)              1                     1                     14                    
43                    (10, 26)              (23, 32)              1                     2                     13                    
43                    (10, 26)              (23, 32)              2                     1                     14                    
43                    (10, 26)              (23, 32)              2                     2                     12                    
44                    (10, 26)              (23, 33)              1                     1                     14                    
44                    (10, 26)              (23, 33)              1                     2                     13                    
44                    (10, 26)              (23, 33)              2                     1                     14                    
44                    (10, 26)              (23, 33)              2                     2                     12                    
45                    (10, 26)              (23, 34)              1                     1                     14                    
45                    (10, 26)              (23, 34)              1                     2                     13                    
45                    (10, 26)              (23, 34)              2                     1                     14                    
45                    (10, 26)              (23, 34)              2                     2                     12                    
46                    (10, 26)              (24, 30)              1                     1                     15                    
46                    (10, 26)              (24, 30)              1                     2                     14                    
46                    (10, 26)              (24, 30)              2                     1                     15                    
46                    (10, 26)              (24, 30)              2                     2                     13                    
47                    (10, 26)              (24, 31)              1                     1                     15                    
47                    (10, 26)              (24, 31)              1                     2                     14                    
47                    (10, 26)              (24, 31)              2                     1                     15                    
47                    (10, 26)              (24, 31)              2                     2                     13                    
48                    (10, 26)              (24, 32)              1                     1                     15                    
48                    (10, 26)              (24, 32)              1                     2                     14                    
48                    (10, 26)              (24, 32)              2                     1                     15                    
48                    (10, 26)              (24, 32)              2                     2                     13                    
49                    (10, 26)              (24, 33)              1                     1                     15                    
49                    (10, 26)              (24, 33)              1                     2                     14                    
49                    (10, 26)              (24, 33)              2                     1                     15                    
49                    (10, 26)              (24, 33)              2                     2                     13                    
50                    (10, 26)              (24, 34)              1                     1                     15                    
50                    (10, 26)              (24, 34)              1                     2                     14                    
50                    (10, 26)              (24, 34)              2                     1                     15                    
50                    (10, 26)              (24, 34)              2                     2                     13                    
51                    (10, 27)              (20, 30)              1                     1                     11                    
51                    (10, 27)              (20, 30)              1                     2                     10                    
51                    (10, 27)              (20, 30)              2                     1                     11                    
51                    (10, 27)              (20, 30)              2                     2                     9                     
52                    (10, 27)              (20, 31)              1                     1                     11                    
52                    (10, 27)              (20, 31)              1                     2                     10                    
52                    (10, 27)              (20, 31)              2                     1                     11                    
52                    (10, 27)              (20, 31)              2                     2                     9                     
53                    (10, 27)              (20, 32)              1                     1                     11                    
53                    (10, 27)              (20, 32)              1                     2                     10                    
53                    (10, 27)              (20, 32)              2                     1                     11                    
53                    (10, 27)              (20, 32)              2                     2                     9                     
54                    (10, 27)              (20, 33)              1                     1                     11                    
54                    (10, 27)              (20, 33)              1                     2                     10                    
54                    (10, 27)              (20, 33)              2                     1                     11                    
54                    (10, 27)              (20, 33)              2                     2                     9                     
55                    (10, 27)              (20, 34)              1                     1                     11                    
55                    (10, 27)              (20, 34)              1                     2                     10                    
55                    (10, 27)              (20, 34)              2                     1                     11                    
55                    (10, 27)              (20, 34)              2                     2                     9                     
56                    (10, 27)              (21, 30)              1                     1                     12                    
56                    (10, 27)              (21, 30)              1                     2                     11                    
56                    (10, 27)              (21, 30)              2                     1                     12                    
56                    (10, 27)              (21, 30)              2                     2                     10                    
57                    (10, 27)              (21, 31)              1                     1                     12                    
57                    (10, 27)              (21, 31)              1                     2                     11                    
57                    (10, 27)              (21, 31)              2                     1                     12                    
57                    (10, 27)              (21, 31)              2                     2                     10                    
58                    (10, 27)              (21, 32)              1                     1                     12                    
58                    (10, 27)              (21, 32)              1                     2                     11                    
58                    (10, 27)              (21, 32)              2                     1                     12                    
58                    (10, 27)              (21, 32)              2                     2                     10                    
59                    (10, 27)              (21, 33)              1                     1                     12                    
59                    (10, 27)              (21, 33)              1                     2                     11                    
59                    (10, 27)              (21, 33)              2                     1                     12                    
59                    (10, 27)              (21, 33)              2                     2                     10                    
60                    (10, 27)              (21, 34)              1                     1                     12                    
60                    (10, 27)              (21, 34)              1                     2                     11                    
60                    (10, 27)              (21, 34)              2                     1                     12                    
60                    (10, 27)              (21, 34)              2                     2                     10                    
61                    (10, 27)              (22, 30)              1                     1                     13                    
61                    (10, 27)              (22, 30)              1                     2                     12                    
61                    (10, 27)              (22, 30)              2                     1                     13                    
61                    (10, 27)              (22, 30)              2                     2                     11                    
62                    (10, 27)              (22, 31)              1                     1                     13                    
62                    (10, 27)              (22, 31)              1                     2                     12                    
62                    (10, 27)              (22, 31)              2                     1                     13                    
62                    (10, 27)              (22, 31)              2                     2                     11                    
63                    (10, 27)              (22, 32)              1                     1                     13                    
63                    (10, 27)              (22, 32)              1                     2                     12                    
63                    (10, 27)              (22, 32)              2                     1                     13                    
63                    (10, 27)              (22, 32)              2                     2                     11                    
64                    (10, 27)              (22, 33)              1                     1                     13                    
64                    (10, 27)              (22, 33)              1                     2                     12                    
64                    (10, 27)              (22, 33)              2                     1                     13                    
64                    (10, 27)              (22, 33)              2                     2                     11                    
65                    (10, 27)              (22, 34)              1                     1                     13                    
65                    (10, 27)              (22, 34)              1                     2                     12                    
65                    (10, 27)              (22, 34)              2                     1                     13                    
65                    (10, 27)              (22, 34)              2                     2                     11                    
66                    (10, 27)              (23, 30)              1                     1                     14                    
66                    (10, 27)              (23, 30)              1                     2                     13                    
66                    (10, 27)              (23, 30)              2                     1                     14                    
66                    (10, 27)              (23, 30)              2                     2                     12                    
67                    (10, 27)              (23, 31)              1                     1                     14                    
67                    (10, 27)              (23, 31)              1                     2                     13                    
67                    (10, 27)              (23, 31)              2                     1                     14                    
67                    (10, 27)              (23, 31)              2                     2                     12                    
68                    (10, 27)              (23, 32)              1                     1                     14                    
68                    (10, 27)              (23, 32)              1                     2                     13                    
68                    (10, 27)              (23, 32)              2                     1                     14                    
68                    (10, 27)              (23, 32)              2                     2                     12                    
69                    (10, 27)              (23, 33)              1                     1                     14                    
69                    (10, 27)              (23, 33)              1                     2                     13                    
69                    (10, 27)              (23, 33)              2                     1                     14                    
69                    (10, 27)              (23, 33)              2                     2                     12                    
70                    (10, 27)              (23, 34)              1                     1                     14                    
70                    (10, 27)              (23, 34)              1                     2                     13                    
70                    (10, 27)              (23, 34)              2                     1                     14                    
70                    (10, 27)              (23, 34)              2                     2                     12                    
71                    (10, 27)              (24, 30)              1                     1                     15                    
71                    (10, 27)              (24, 30)              1                     2                     14                    
71                    (10, 27)              (24, 30)              2                     1                     15                    
71                    (10, 27)              (24, 30)              2                     2                     13                    
72                    (10, 27)              (24, 31)              1                     1                     15                    
72                    (10, 27)              (24, 31)              1                     2                     14                    
72                    (10, 27)              (24, 31)              2                     1                     15                    
72                    (10, 27)              (24, 31)              2                     2                     13                    
73                    (10, 27)              (24, 32)              1                     1                     15                    
73                    (10, 27)              (24, 32)              1                     2                     14                    
73                    (10, 27)              (24, 32)              2                     1                     15                    
73                    (10, 27)              (24, 32)              2                     2                     13                    
74                    (10, 27)              (24, 33)              1                     1                     15                    
74                    (10, 27)              (24, 33)              1                     2                     14                    
74                    (10, 27)              (24, 33)              2                     1                     15                    
74                    (10, 27)              (24, 33)              2                     2                     13                    
75                    (10, 27)              (24, 34)              1                     1                     15                    
75                    (10, 27)              (24, 34)              1                     2                     14                    
75                    (10, 27)              (24, 34)              2                     1                     15                    
75                    (10, 27)              (24, 34)              2                     2                     13                    
76                    (10, 28)              (20, 30)              1                     1                     11                    
76                    (10, 28)              (20, 30)              1                     2                     10                    
76                    (10, 28)              (20, 30)              2                     1                     11                    
76                    (10, 28)              (20, 30)              2                     2                     9                     
77                    (10, 28)              (20, 31)              1                     1                     11                    
77                    (10, 28)              (20, 31)              1                     2                     10                    
77                    (10, 28)              (20, 31)              2                     1                     11                    
77                    (10, 28)              (20, 31)              2                     2                     9                     
78                    (10, 28)              (20, 32)              1                     1                     11                    
78                    (10, 28)              (20, 32)              1                     2                     10                    
78                    (10, 28)              (20, 32)              2                     1                     11                    
78                    (10, 28)              (20, 32)              2                     2                     9                     
79                    (10, 28)              (20, 33)              1                     1                     11                    
79                    (10, 28)              (20, 33)              1                     2                     10                    
79                    (10, 28)              (20, 33)              2                     1                     11                    
79                    (10, 28)              (20, 33)              2                     2                     9                     
80                    (10, 28)              (20, 34)              1                     1                     11                    
80                    (10, 28)              (20, 34)              1                     2                     10                    
80                    (10, 28)              (20, 34)              2                     1                     11                    
80                    (10, 28)              (20, 34)              2                     2                     9                     
81                    (10, 28)              (21, 30)              1                     1                     12                    
81                    (10, 28)              (21, 30)              1                     2                     11                    
81                    (10, 28)              (21, 30)              2                     1                     12                    
81                    (10, 28)              (21, 30)              2                     2                     10                    
82                    (10, 28)              (21, 31)              1                     1                     12                    
82                    (10, 28)              (21, 31)              1                     2                     11                    
82                    (10, 28)              (21, 31)              2                     1                     12                    
82                    (10, 28)              (21, 31)              2                     2                     10                    
83                    (10, 28)              (21, 32)              1                     1                     12                    
83                    (10, 28)              (21, 32)              1                     2                     11                    
83                    (10, 28)              (21, 32)              2                     1                     12                    
83                    (10, 28)              (21, 32)              2                     2                     10                    
84                    (10, 28)              (21, 33)              1                     1                     12                    
84                    (10, 28)              (21, 33)              1                     2                     11                    
84                    (10, 28)              (21, 33)              2                     1                     12                    
84                    (10, 28)              (21, 33)              2                     2                     10                    
85                    (10, 28)              (21, 34)              1                     1                     12                    
85                    (10, 28)              (21, 34)              1                     2                     11                    
85                    (10, 28)              (21, 34)              2                     1                     12                    
85                    (10, 28)              (21, 34)              2                     2                     10                    
86                    (10, 28)              (22, 30)              1                     1                     13                    
86                    (10, 28)              (22, 30)              1                     2                     12                    
86                    (10, 28)              (22, 30)              2                     1                     13                    
86                    (10, 28)              (22, 30)              2                     2                     11                    
87                    (10, 28)              (22, 31)              1                     1                     13                    
87                    (10, 28)              (22, 31)              1                     2                     12                    
87                    (10, 28)              (22, 31)              2                     1                     13                    
87                    (10, 28)              (22, 31)              2                     2                     11                    
88                    (10, 28)              (22, 32)              1                     1                     13                    
88                    (10, 28)              (22, 32)              1                     2                     12                    
88                    (10, 28)              (22, 32)              2                     1                     13                    
88                    (10, 28)              (22, 32)              2                     2                     11                    
89                    (10, 28)              (22, 33)              1                     1                     13                    
89                    (10, 28)              (22, 33)              1                     2                     12                    
89                    (10, 28)              (22, 33)              2                     1                     13                    
89                    (10, 28)              (22, 33)              2                     2                     11                    
90                    (10, 28)              (22, 34)              1                     1                     13                    
90                    (10, 28)              (22, 34)              1                     2                     12                    
90                    (10, 28)              (22, 34)              2                     1                     13                    
90                    (10, 28)              (22, 34)              2                     2                     11                    
91                    (10, 28)              (23, 30)              1                     1                     14                    
91                    (10, 28)              (23, 30)              1                     2                     13                    
91                    (10, 28)              (23, 30)              2                     1                     14                    
91                    (10, 28)              (23, 30)              2                     2                     12                    
92                    (10, 28)              (23, 31)              1                     1                     14                    
92                    (10, 28)              (23, 31)              1                     2                     13                    
92                    (10, 28)              (23, 31)              2                     1                     14                    
92                    (10, 28)              (23, 31)              2                     2                     12                    
93                    (10, 28)              (23, 32)              1                     1                     14                    
93                    (10, 28)              (23, 32)              1                     2                     13                    
93                    (10, 28)              (23, 32)              2                     1                     14                    
93                    (10, 28)              (23, 32)              2                     2                     12                    
94                    (10, 28)              (23, 33)              1                     1                     14                    
94                    (10, 28)              (23, 33)              1                     2                     13                    
94                    (10, 28)              (23, 33)              2                     1                     14                    
94                    (10, 28)              (23, 33)              2                     2                     12                    
95                    (10, 28)              (23, 34)              1                     1                     14                    
95                    (10, 28)              (23, 34)              1                     2                     13                    
95                    (10, 28)              (23, 34)              2                     1                     14                    
95                    (10, 28)              (23, 34)              2                     2                     12                    
96                    (10, 28)              (24, 30)              1                     1                     15                    
96                    (10, 28)              (24, 30)              1                     2                     14                    
96                    (10, 28)              (24, 30)              2                     1                     15                    
96                    (10, 28)              (24, 30)              2                     2                     13                    
97                    (10, 28)              (24, 31)              1                     1                     15                    
97                    (10, 28)              (24, 31)              1                     2                     14                    
97                    (10, 28)              (24, 31)              2                     1                     15                    
97                    (10, 28)              (24, 31)              2                     2                     13                    
98                    (10, 28)              (24, 32)              1                     1                     15                    
98                    (10, 28)              (24, 32)              1                     2                     14                    
98                    (10, 28)              (24, 32)              2                     1                     15                    
98                    (10, 28)              (24, 32)              2                     2                     13                    
99                    (10, 28)              (24, 33)              1                     1                     15                    
99                    (10, 28)              (24, 33)              1                     2                     14                    
99                    (10, 28)              (24, 33)              2                     1                     15                    
99                    (10, 28)              (24, 33)              2                     2                     13                    
100                   (10, 28)              (24, 34)              1                     1                     15                    
100                   (10, 28)              (24, 34)              1                     2                     14                    
100                   (10, 28)              (24, 34)              2                     1                     15                    
100                   (10, 28)              (24, 34)              2                     2                     13                    
101                   (10, 29)              (20, 30)              1                     1                     11                    
101                   (10, 29)              (20, 30)              1                     2                     10                    
101                   (10, 29)              (20, 30)              2                     1                     11                    
101                   (10, 29)              (20, 30)              2                     2                     9                     
102                   (10, 29)              (20, 31)              1                     1                     11                    
102                   (10, 29)              (20, 31)              1                     2                     10                    
102                   (10, 29)              (20, 31)              2                     1                     11                    
102                   (10, 29)              (20, 31)              2                     2                     9                     
103                   (10, 29)              (20, 32)              1                     1                     11                    
103                   (10, 29)              (20, 32)              1                     2                     10                    
103                   (10, 29)              (20, 32)              2                     1                     11                    
103                   (10, 29)              (20, 32)              2                     2                     9                     
104                   (10, 29)              (20, 33)              1                     1                     11                    
104                   (10, 29)              (20, 33)              1                     2                     10                    
104                   (10, 29)              (20, 33)              2                     1                     11                    
104                   (10, 29)              (20, 33)              2                     2                     9                     
105                   (10, 29)              (20, 34)              1                     1                     11                    
105                   (10, 29)              (20, 34)              1                     2                     10                    
105                   (10, 29)              (20, 34)              2                     1                     11                    
105                   (10, 29)              (20, 34)              2                     2                     9                     
106                   (10, 29)              (21, 30)              1                     1                     12                    
106                   (10, 29)              (21, 30)              1                     2                     11                    
106                   (10, 29)              (21, 30)              2                     1                     12                    
106                   (10, 29)              (21, 30)              2                     2                     10                    
107                   (10, 29)              (21, 31)              1                     1                     12                    
107                   (10, 29)              (21, 31)              1                     2                     11                    
107                   (10, 29)              (21, 31)              2                     1                     12                    
107                   (10, 29)              (21, 31)              2                     2                     10                    
108                   (10, 29)              (21, 32)              1                     1                     12                    
108                   (10, 29)              (21, 32)              1                     2                     11                    
108                   (10, 29)              (21, 32)              2                     1                     12                    
108                   (10, 29)              (21, 32)              2                     2                     10                    
109                   (10, 29)              (21, 33)              1                     1                     12                    
109                   (10, 29)              (21, 33)              1                     2                     11                    
109                   (10, 29)              (21, 33)              2                     1                     12                    
109                   (10, 29)              (21, 33)              2                     2                     10                    
110                   (10, 29)              (21, 34)              1                     1                     12                    
110                   (10, 29)              (21, 34)              1                     2                     11                    
110                   (10, 29)              (21, 34)              2                     1                     12                    
110                   (10, 29)              (21, 34)              2                     2                     10                    
111                   (10, 29)              (22, 30)              1                     1                     13                    
111                   (10, 29)              (22, 30)              1                     2                     12                    
111                   (10, 29)              (22, 30)              2                     1                     13                    
111                   (10, 29)              (22, 30)              2                     2                     11                    
112                   (10, 29)              (22, 31)              1                     1                     13                    
112                   (10, 29)              (22, 31)              1                     2                     12                    
112                   (10, 29)              (22, 31)              2                     1                     13                    
112                   (10, 29)              (22, 31)              2                     2                     11                    
113                   (10, 29)              (22, 32)              1                     1                     13                    
113                   (10, 29)              (22, 32)              1                     2                     12                    
113                   (10, 29)              (22, 32)              2                     1                     13                    
113                   (10, 29)              (22, 32)              2                     2                     11                    
114                   (10, 29)              (22, 33)              1                     1                     13                    
114                   (10, 29)              (22, 33)              1                     2                     12                    
114                   (10, 29)              (22, 33)              2                     1                     13                    
114                   (10, 29)              (22, 33)              2                     2                     11                    
115                   (10, 29)              (22, 34)              1                     1                     13                    
115                   (10, 29)              (22, 34)              1                     2                     12                    
115                   (10, 29)              (22, 34)              2                     1                     13                    
115                   (10, 29)              (22, 34)              2                     2                     11                    
116                   (10, 29)              (23, 30)              1                     1                     14                    
116                   (10, 29)              (23, 30)              1                     2                     13                    
116                   (10, 29)              (23, 30)              2                     1                     14                    
116                   (10, 29)              (23, 30)              2                     2                     12                    
117                   (10, 29)              (23, 31)              1                     1                     14                    
117                   (10, 29)              (23, 31)              1                     2                     13                    
117                   (10, 29)              (23, 31)              2                     1                     14                    
117                   (10, 29)              (23, 31)              2                     2                     12                    
118                   (10, 29)              (23, 32)              1                     1                     14                    
118                   (10, 29)              (23, 32)              1                     2                     13                    
118                   (10, 29)              (23, 32)              2                     1                     14                    
118                   (10, 29)              (23, 32)              2                     2                     12                    
119                   (10, 29)              (23, 33)              1                     1                     14                    
119                   (10, 29)              (23, 33)              1                     2                     13                    
119                   (10, 29)              (23, 33)              2                     1                     14                    
119                   (10, 29)              (23, 33)              2                     2                     12                    
120                   (10, 29)              (23, 34)              1                     1                     14                    
120                   (10, 29)              (23, 34)              1                     2                     13                    
120                   (10, 29)              (23, 34)              2                     1                     14                    
120                   (10, 29)              (23, 34)              2                     2                     12                    
121                   (10, 29)              (24, 30)              1                     1                     15                    
121                   (10, 29)              (24, 30)              1                     2                     14                    
121                   (10, 29)              (24, 30)              2                     1                     15                    
121                   (10, 29)              (24, 30)              2                     2                     13                    
122                   (10, 29)              (24, 31)              1                     1                     15                    
122                   (10, 29)              (24, 31)              1                     2                     14                    
122                   (10, 29)              (24, 31)              2                     1                     15                    
122                   (10, 29)              (24, 31)              2                     2                     13                    
123                   (10, 29)              (24, 32)              1                     1                     15                    
123                   (10, 29)              (24, 32)              1                     2                     14                    
123                   (10, 29)              (24, 32)              2                     1                     15                    
123                   (10, 29)              (24, 32)              2                     2                     13                    
124                   (10, 29)              (24, 33)              1                     1                     15                    
124                   (10, 29)              (24, 33)              1                     2                     14                    
124                   (10, 29)              (24, 33)              2                     1                     15                    
124                   (10, 29)              (24, 33)              2                     2                     13                    
125                   (10, 29)              (24, 34)              1                     1                     15                    
125                   (10, 29)              (24, 34)              1                     2                     14                    
125                   (10, 29)              (24, 34)              2                     1                     15                    
125                   (10, 29)              (24, 34)              2                     2                     13                    
126                   (11, 25)              (20, 30)              1                     1                     10                    
126                   (11, 25)              (20, 30)              1                     2                     9                     
126                   (11, 25)              (20, 30)              2                     1                     10                    
126                   (11, 25)              (20, 30)              2                     2                     8                     
127                   (11, 25)              (20, 31)              1                     1                     10                    
127                   (11, 25)              (20, 31)              1                     2                     9                     
127                   (11, 25)              (20, 31)              2                     1                     10                    
127                   (11, 25)              (20, 31)              2                     2                     8                     
128                   (11, 25)              (20, 32)              1                     1                     10                    
128                   (11, 25)              (20, 32)              1                     2                     9                     
128                   (11, 25)              (20, 32)              2                     1                     10                    
128                   (11, 25)              (20, 32)              2                     2                     8                     
129                   (11, 25)              (20, 33)              1                     1                     10                    
129                   (11, 25)              (20, 33)              1                     2                     9                     
129                   (11, 25)              (20, 33)              2                     1                     10                    
129                   (11, 25)              (20, 33)              2                     2                     8                     
130                   (11, 25)              (20, 34)              1                     1                     10                    
130                   (11, 25)              (20, 34)              1                     2                     9                     
130                   (11, 25)              (20, 34)              2                     1                     10                    
130                   (11, 25)              (20, 34)              2                     2                     8                     
131                   (11, 25)              (21, 30)              1                     1                     11                    
131                   (11, 25)              (21, 30)              1                     2                     10                    
131                   (11, 25)              (21, 30)              2                     1                     11                    
131                   (11, 25)              (21, 30)              2                     2                     9                     
132                   (11, 25)              (21, 31)              1                     1                     11                    
132                   (11, 25)              (21, 31)              1                     2                     10                    
132                   (11, 25)              (21, 31)              2                     1                     11                    
132                   (11, 25)              (21, 31)              2                     2                     9                     
133                   (11, 25)              (21, 32)              1                     1                     11                    
133                   (11, 25)              (21, 32)              1                     2                     10                    
133                   (11, 25)              (21, 32)              2                     1                     11                    
133                   (11, 25)              (21, 32)              2                     2                     9                     
134                   (11, 25)              (21, 33)              1                     1                     11                    
134                   (11, 25)              (21, 33)              1                     2                     10                    
134                   (11, 25)              (21, 33)              2                     1                     11                    
134                   (11, 25)              (21, 33)              2                     2                     9                     
135                   (11, 25)              (21, 34)              1                     1                     11                    
135                   (11, 25)              (21, 34)              1                     2                     10                    
135                   (11, 25)              (21, 34)              2                     1                     11                    
135                   (11, 25)              (21, 34)              2                     2                     9                     
136                   (11, 25)              (22, 30)              1                     1                     12                    
136                   (11, 25)              (22, 30)              1                     2                     11                    
136                   (11, 25)              (22, 30)              2                     1                     12                    
136                   (11, 25)              (22, 30)              2                     2                     10                    
137                   (11, 25)              (22, 31)              1                     1                     12                    
137                   (11, 25)              (22, 31)              1                     2                     11                    
137                   (11, 25)              (22, 31)              2                     1                     12                    
137                   (11, 25)              (22, 31)              2                     2                     10                    
138                   (11, 25)              (22, 32)              1                     1                     12                    
138                   (11, 25)              (22, 32)              1                     2                     11                    
138                   (11, 25)              (22, 32)              2                     1                     12                    
138                   (11, 25)              (22, 32)              2                     2                     10                    
139                   (11, 25)              (22, 33)              1                     1                     12                    
139                   (11, 25)              (22, 33)              1                     2                     11                    
139                   (11, 25)              (22, 33)              2                     1                     12                    
139                   (11, 25)              (22, 33)              2                     2                     10                    
140                   (11, 25)              (22, 34)              1                     1                     12                    
140                   (11, 25)              (22, 34)              1                     2                     11                    
140                   (11, 25)              (22, 34)              2                     1                     12                    
140                   (11, 25)              (22, 34)              2                     2                     10                    
141                   (11, 25)              (23, 30)              1                     1                     13                    
141                   (11, 25)              (23, 30)              1                     2                     12                    
141                   (11, 25)              (23, 30)              2                     1                     13                    
141                   (11, 25)              (23, 30)              2                     2                     11                    
142                   (11, 25)              (23, 31)              1                     1                     13                    
142                   (11, 25)              (23, 31)              1                     2                     12                    
142                   (11, 25)              (23, 31)              2                     1                     13                    
142                   (11, 25)              (23, 31)              2                     2                     11                    
143                   (11, 25)              (23, 32)              1                     1                     13                    
143                   (11, 25)              (23, 32)              1                     2                     12                    
143                   (11, 25)              (23, 32)              2                     1                     13                    
143                   (11, 25)              (23, 32)              2                     2                     11                    
144                   (11, 25)              (23, 33)              1                     1                     13                    
144                   (11, 25)              (23, 33)              1                     2                     12                    
144                   (11, 25)              (23, 33)              2                     1                     13                    
144                   (11, 25)              (23, 33)              2                     2                     11                    
145                   (11, 25)              (23, 34)              1                     1                     13                    
145                   (11, 25)              (23, 34)              1                     2                     12                    
145                   (11, 25)              (23, 34)              2                     1                     13                    
145                   (11, 25)              (23, 34)              2                     2                     11                    
146                   (11, 25)              (24, 30)              1                     1                     14                    
146                   (11, 25)              (24, 30)              1                     2                     13                    
146                   (11, 25)              (24, 30)              2                     1                     14                    
146                   (11, 25)              (24, 30)              2                     2                     12                    
147                   (11, 25)              (24, 31)              1                     1                     14                    
147                   (11, 25)              (24, 31)              1                     2                     13                    
147                   (11, 25)              (24, 31)              2                     1                     14                    
147                   (11, 25)              (24, 31)              2                     2                     12                    
148                   (11, 25)              (24, 32)              1                     1                     14                    
148                   (11, 25)              (24, 32)              1                     2                     13                    
148                   (11, 25)              (24, 32)              2                     1                     14                    
148                   (11, 25)              (24, 32)              2                     2                     12                    
149                   (11, 25)              (24, 33)              1                     1                     14                    
149                   (11, 25)              (24, 33)              1                     2                     13                    
149                   (11, 25)              (24, 33)              2                     1                     14                    
149                   (11, 25)              (24, 33)              2                     2                     12                    
150                   (11, 25)              (24, 34)              1                     1                     14                    
150                   (11, 25)              (24, 34)              1                     2                     13                    
150                   (11, 25)              (24, 34)              2                     1                     14                    
150                   (11, 25)              (24, 34)              2                     2                     12                    
151                   (11, 26)              (20, 30)              1                     1                     10                    
151                   (11, 26)              (20, 30)              1                     2                     9                     
151                   (11, 26)              (20, 30)              2                     1                     10                    
151                   (11, 26)              (20, 30)              2                     2                     8                     
152                   (11, 26)              (20, 31)              1                     1                     10                    
152                   (11, 26)              (20, 31)              1                     2                     9                     
152                   (11, 26)              (20, 31)              2                     1                     10                    
152                   (11, 26)              (20, 31)              2                     2                     8                     
153                   (11, 26)              (20, 32)              1                     1                     10                    
153                   (11, 26)              (20, 32)              1                     2                     9                     
153                   (11, 26)              (20, 32)              2                     1                     10                    
153                   (11, 26)              (20, 32)              2                     2                     8                     
154                   (11, 26)              (20, 33)              1                     1                     10                    
154                   (11, 26)              (20, 33)              1                     2                     9                     
154                   (11, 26)              (20, 33)              2                     1                     10                    
154                   (11, 26)              (20, 33)              2                     2                     8                     
155                   (11, 26)              (20, 34)              1                     1                     10                    
155                   (11, 26)              (20, 34)              1                     2                     9                     
155                   (11, 26)              (20, 34)              2                     1                     10                    
155                   (11, 26)              (20, 34)              2                     2                     8                     
156                   (11, 26)              (21, 30)              1                     1                     11                    
156                   (11, 26)              (21, 30)              1                     2                     10                    
156                   (11, 26)              (21, 30)              2                     1                     11                    
156                   (11, 26)              (21, 30)              2                     2                     9                     
157                   (11, 26)              (21, 31)              1                     1                     11                    
157                   (11, 26)              (21, 31)              1                     2                     10                    
157                   (11, 26)              (21, 31)              2                     1                     11                    
157                   (11, 26)              (21, 31)              2                     2                     9                     
158                   (11, 26)              (21, 32)              1                     1                     11                    
158                   (11, 26)              (21, 32)              1                     2                     10                    
158                   (11, 26)              (21, 32)              2                     1                     11                    
158                   (11, 26)              (21, 32)              2                     2                     9                     
159                   (11, 26)              (21, 33)              1                     1                     11                    
159                   (11, 26)              (21, 33)              1                     2                     10                    
159                   (11, 26)              (21, 33)              2                     1                     11                    
159                   (11, 26)              (21, 33)              2                     2                     9                     
160                   (11, 26)              (21, 34)              1                     1                     11                    
160                   (11, 26)              (21, 34)              1                     2                     10                    
160                   (11, 26)              (21, 34)              2                     1                     11                    
160                   (11, 26)              (21, 34)              2                     2                     9                     
161                   (11, 26)              (22, 30)              1                     1                     12                    
161                   (11, 26)              (22, 30)              1                     2                     11                    
161                   (11, 26)              (22, 30)              2                     1                     12                    
161                   (11, 26)              (22, 30)              2                     2                     10                    
162                   (11, 26)              (22, 31)              1                     1                     12                    
162                   (11, 26)              (22, 31)              1                     2                     11                    
162                   (11, 26)              (22, 31)              2                     1                     12                    
162                   (11, 26)              (22, 31)              2                     2                     10                    
163                   (11, 26)              (22, 32)              1                     1                     12                    
163                   (11, 26)              (22, 32)              1                     2                     11                    
163                   (11, 26)              (22, 32)              2                     1                     12                    
163                   (11, 26)              (22, 32)              2                     2                     10                    
164                   (11, 26)              (22, 33)              1                     1                     12                    
164                   (11, 26)              (22, 33)              1                     2                     11                    
164                   (11, 26)              (22, 33)              2                     1                     12                    
164                   (11, 26)              (22, 33)              2                     2                     10                    
165                   (11, 26)              (22, 34)              1                     1                     12                    
165                   (11, 26)              (22, 34)              1                     2                     11                    
165                   (11, 26)              (22, 34)              2                     1                     12                    
165                   (11, 26)              (22, 34)              2                     2                     10                    
166                   (11, 26)              (23, 30)              1                     1                     13                    
166                   (11, 26)              (23, 30)              1                     2                     12                    
166                   (11, 26)              (23, 30)              2                     1                     13                    
166                   (11, 26)              (23, 30)              2                     2                     11                    
167                   (11, 26)              (23, 31)              1                     1                     13                    
167                   (11, 26)              (23, 31)              1                     2                     12                    
167                   (11, 26)              (23, 31)              2                     1                     13                    
167                   (11, 26)              (23, 31)              2                     2                     11                    
168                   (11, 26)              (23, 32)              1                     1                     13                    
168                   (11, 26)              (23, 32)              1                     2                     12                    
168                   (11, 26)              (23, 32)              2                     1                     13                    
168                   (11, 26)              (23, 32)              2                     2                     11                    
169                   (11, 26)              (23, 33)              1                     1                     13                    
169                   (11, 26)              (23, 33)              1                     2                     12                    
169                   (11, 26)              (23, 33)              2                     1                     13                    
169                   (11, 26)              (23, 33)              2                     2                     11                    
170                   (11, 26)              (23, 34)              1                     1                     13                    
170                   (11, 26)              (23, 34)              1                     2                     12                    
170                   (11, 26)              (23, 34)              2                     1                     13                    
170                   (11, 26)              (23, 34)              2                     2                     11                    
171                   (11, 26)              (24, 30)              1                     1                     14                    
171                   (11, 26)              (24, 30)              1                     2                     13                    
171                   (11, 26)              (24, 30)              2                     1                     14                    
171                   (11, 26)              (24, 30)              2                     2                     12                    
172                   (11, 26)              (24, 31)              1                     1                     14                    
172                   (11, 26)              (24, 31)              1                     2                     13                    
172                   (11, 26)              (24, 31)              2                     1                     14                    
172                   (11, 26)              (24, 31)              2                     2                     12                    
173                   (11, 26)              (24, 32)              1                     1                     14                    
173                   (11, 26)              (24, 32)              1                     2                     13                    
173                   (11, 26)              (24, 32)              2                     1                     14                    
173                   (11, 26)              (24, 32)              2                     2                     12                    
174                   (11, 26)              (24, 33)              1                     1                     14                    
174                   (11, 26)              (24, 33)              1                     2                     13                    
174                   (11, 26)              (24, 33)              2                     1                     14                    
174                   (11, 26)              (24, 33)              2                     2                     12                    
175                   (11, 26)              (24, 34)              1                     1                     14                    
175                   (11, 26)              (24, 34)              1                     2                     13                    
175                   (11, 26)              (24, 34)              2                     1                     14                    
175                   (11, 26)              (24, 34)              2                     2                     12                    
176                   (11, 27)              (20, 30)              1                     1                     10                    
176                   (11, 27)              (20, 30)              1                     2                     9                     
176                   (11, 27)              (20, 30)              2                     1                     10                    
176                   (11, 27)              (20, 30)              2                     2                     8                     
177                   (11, 27)              (20, 31)              1                     1                     10                    
177                   (11, 27)              (20, 31)              1                     2                     9                     
177                   (11, 27)              (20, 31)              2                     1                     10                    
177                   (11, 27)              (20, 31)              2                     2                     8                     
178                   (11, 27)              (20, 32)              1                     1                     10                    
178                   (11, 27)              (20, 32)              1                     2                     9                     
178                   (11, 27)              (20, 32)              2                     1                     10                    
178                   (11, 27)              (20, 32)              2                     2                     8                     
179                   (11, 27)              (20, 33)              1                     1                     10                    
179                   (11, 27)              (20, 33)              1                     2                     9                     
179                   (11, 27)              (20, 33)              2                     1                     10                    
179                   (11, 27)              (20, 33)              2                     2                     8                     
180                   (11, 27)              (20, 34)              1                     1                     10                    
180                   (11, 27)              (20, 34)              1                     2                     9                     
180                   (11, 27)              (20, 34)              2                     1                     10                    
180                   (11, 27)              (20, 34)              2                     2                     8                     
181                   (11, 27)              (21, 30)              1                     1                     11                    
181                   (11, 27)              (21, 30)              1                     2                     10                    
181                   (11, 27)              (21, 30)              2                     1                     11                    
181                   (11, 27)              (21, 30)              2                     2                     9                     
182                   (11, 27)              (21, 31)              1                     1                     11                    
182                   (11, 27)              (21, 31)              1                     2                     10                    
182                   (11, 27)              (21, 31)              2                     1                     11                    
182                   (11, 27)              (21, 31)              2                     2                     9                     
183                   (11, 27)              (21, 32)              1                     1                     11                    
183                   (11, 27)              (21, 32)              1                     2                     10                    
183                   (11, 27)              (21, 32)              2                     1                     11                    
183                   (11, 27)              (21, 32)              2                     2                     9                     
184                   (11, 27)              (21, 33)              1                     1                     11                    
184                   (11, 27)              (21, 33)              1                     2                     10                    
184                   (11, 27)              (21, 33)              2                     1                     11                    
184                   (11, 27)              (21, 33)              2                     2                     9                     
185                   (11, 27)              (21, 34)              1                     1                     11                    
185                   (11, 27)              (21, 34)              1                     2                     10                    
185                   (11, 27)              (21, 34)              2                     1                     11                    
185                   (11, 27)              (21, 34)              2                     2                     9                     
186                   (11, 27)              (22, 30)              1                     1                     12                    
186                   (11, 27)              (22, 30)              1                     2                     11                    
186                   (11, 27)              (22, 30)              2                     1                     12                    
186                   (11, 27)              (22, 30)              2                     2                     10                    
187                   (11, 27)              (22, 31)              1                     1                     12                    
187                   (11, 27)              (22, 31)              1                     2                     11                    
187                   (11, 27)              (22, 31)              2                     1                     12                    
187                   (11, 27)              (22, 31)              2                     2                     10                    
188                   (11, 27)              (22, 32)              1                     1                     12                    
188                   (11, 27)              (22, 32)              1                     2                     11                    
188                   (11, 27)              (22, 32)              2                     1                     12                    
188                   (11, 27)              (22, 32)              2                     2                     10                    
189                   (11, 27)              (22, 33)              1                     1                     12                    
189                   (11, 27)              (22, 33)              1                     2                     11                    
189                   (11, 27)              (22, 33)              2                     1                     12                    
189                   (11, 27)              (22, 33)              2                     2                     10                    
190                   (11, 27)              (22, 34)              1                     1                     12                    
190                   (11, 27)              (22, 34)              1                     2                     11                    
190                   (11, 27)              (22, 34)              2                     1                     12                    
190                   (11, 27)              (22, 34)              2                     2                     10                    
191                   (11, 27)              (23, 30)              1                     1                     13                    
191                   (11, 27)              (23, 30)              1                     2                     12                    
191                   (11, 27)              (23, 30)              2                     1                     13                    
191                   (11, 27)              (23, 30)              2                     2                     11                    
192                   (11, 27)              (23, 31)              1                     1                     13                    
192                   (11, 27)              (23, 31)              1                     2                     12                    
192                   (11, 27)              (23, 31)              2                     1                     13                    
192                   (11, 27)              (23, 31)              2                     2                     11                    
193                   (11, 27)              (23, 32)              1                     1                     13                    
193                   (11, 27)              (23, 32)              1                     2                     12                    
193                   (11, 27)              (23, 32)              2                     1                     13                    
193                   (11, 27)              (23, 32)              2                     2                     11                    
194                   (11, 27)              (23, 33)              1                     1                     13                    
194                   (11, 27)              (23, 33)              1                     2                     12                    
194                   (11, 27)              (23, 33)              2                     1                     13                    
194                   (11, 27)              (23, 33)              2                     2                     11                    
195                   (11, 27)              (23, 34)              1                     1                     13                    
195                   (11, 27)              (23, 34)              1                     2                     12                    
195                   (11, 27)              (23, 34)              2                     1                     13                    
195                   (11, 27)              (23, 34)              2                     2                     11                    
196                   (11, 27)              (24, 30)              1                     1                     14                    
196                   (11, 27)              (24, 30)              1                     2                     13                    
196                   (11, 27)              (24, 30)              2                     1                     14                    
196                   (11, 27)              (24, 30)              2                     2                     12                    
197                   (11, 27)              (24, 31)              1                     1                     14                    
197                   (11, 27)              (24, 31)              1                     2                     13                    
197                   (11, 27)              (24, 31)              2                     1                     14                    
197                   (11, 27)              (24, 31)              2                     2                     12                    
198                   (11, 27)              (24, 32)              1                     1                     14                    
198                   (11, 27)              (24, 32)              1                     2                     13                    
198                   (11, 27)              (24, 32)              2                     1                     14                    
198                   (11, 27)              (24, 32)              2                     2                     12                    
199                   (11, 27)              (24, 33)              1                     1                     14                    
199                   (11, 27)              (24, 33)              1                     2                     13                    
199                   (11, 27)              (24, 33)              2                     1                     14                    
199                   (11, 27)              (24, 33)              2                     2                     12                    
200                   (11, 27)              (24, 34)              1                     1                     14                    
200                   (11, 27)              (24, 34)              1                     2                     13                    
200                   (11, 27)              (24, 34)              2                     1                     14                    
200                   (11, 27)              (24, 34)              2                     2                     12                    
201                   (11, 28)              (20, 30)              1                     1                     10                    
201                   (11, 28)              (20, 30)              1                     2                     9                     
201                   (11, 28)              (20, 30)              2                     1                     10                    
201                   (11, 28)              (20, 30)              2                     2                     8                     
202                   (11, 28)              (20, 31)              1                     1                     10                    
202                   (11, 28)              (20, 31)              1                     2                     9                     
202                   (11, 28)              (20, 31)              2                     1                     10                    
202                   (11, 28)              (20, 31)              2                     2                     8                     
203                   (11, 28)              (20, 32)              1                     1                     10                    
203                   (11, 28)              (20, 32)              1                     2                     9                     
203                   (11, 28)              (20, 32)              2                     1                     10                    
203                   (11, 28)              (20, 32)              2                     2                     8                     
204                   (11, 28)              (20, 33)              1                     1                     10                    
204                   (11, 28)              (20, 33)              1                     2                     9                     
204                   (11, 28)              (20, 33)              2                     1                     10                    
204                   (11, 28)              (20, 33)              2                     2                     8                     
205                   (11, 28)              (20, 34)              1                     1                     10                    
205                   (11, 28)              (20, 34)              1                     2                     9                     
205                   (11, 28)              (20, 34)              2                     1                     10                    
205                   (11, 28)              (20, 34)              2                     2                     8                     
206                   (11, 28)              (21, 30)              1                     1                     11                    
206                   (11, 28)              (21, 30)              1                     2                     10                    
206                   (11, 28)              (21, 30)              2                     1                     11                    
206                   (11, 28)              (21, 30)              2                     2                     9                     
207                   (11, 28)              (21, 31)              1                     1                     11                    
207                   (11, 28)              (21, 31)              1                     2                     10                    
207                   (11, 28)              (21, 31)              2                     1                     11                    
207                   (11, 28)              (21, 31)              2                     2                     9                     
208                   (11, 28)              (21, 32)              1                     1                     11                    
208                   (11, 28)              (21, 32)              1                     2                     10                    
208                   (11, 28)              (21, 32)              2                     1                     11                    
208                   (11, 28)              (21, 32)              2                     2                     9                     
209                   (11, 28)              (21, 33)              1                     1                     11                    
209                   (11, 28)              (21, 33)              1                     2                     10                    
209                   (11, 28)              (21, 33)              2                     1                     11                    
209                   (11, 28)              (21, 33)              2                     2                     9                     
210                   (11, 28)              (21, 34)              1                     1                     11                    
210                   (11, 28)              (21, 34)              1                     2                     10                    
210                   (11, 28)              (21, 34)              2                     1                     11                    
210                   (11, 28)              (21, 34)              2                     2                     9                     
211                   (11, 28)              (22, 30)              1                     1                     12                    
211                   (11, 28)              (22, 30)              1                     2                     11                    
211                   (11, 28)              (22, 30)              2                     1                     12                    
211                   (11, 28)              (22, 30)              2                     2                     10                    
212                   (11, 28)              (22, 31)              1                     1                     12                    
212                   (11, 28)              (22, 31)              1                     2                     11                    
212                   (11, 28)              (22, 31)              2                     1                     12                    
212                   (11, 28)              (22, 31)              2                     2                     10                    
213                   (11, 28)              (22, 32)              1                     1                     12                    
213                   (11, 28)              (22, 32)              1                     2                     11                    
213                   (11, 28)              (22, 32)              2                     1                     12                    
213                   (11, 28)              (22, 32)              2                     2                     10                    
214                   (11, 28)              (22, 33)              1                     1                     12                    
214                   (11, 28)              (22, 33)              1                     2                     11                    
214                   (11, 28)              (22, 33)              2                     1                     12                    
214                   (11, 28)              (22, 33)              2                     2                     10                    
215                   (11, 28)              (22, 34)              1                     1                     12                    
215                   (11, 28)              (22, 34)              1                     2                     11                    
215                   (11, 28)              (22, 34)              2                     1                     12                    
215                   (11, 28)              (22, 34)              2                     2                     10                    
216                   (11, 28)              (23, 30)              1                     1                     13                    
216                   (11, 28)              (23, 30)              1                     2                     12                    
216                   (11, 28)              (23, 30)              2                     1                     13                    
216                   (11, 28)              (23, 30)              2                     2                     11                    
217                   (11, 28)              (23, 31)              1                     1                     13                    
217                   (11, 28)              (23, 31)              1                     2                     12                    
217                   (11, 28)              (23, 31)              2                     1                     13                    
217                   (11, 28)              (23, 31)              2                     2                     11                    
218                   (11, 28)              (23, 32)              1                     1                     13                    
218                   (11, 28)              (23, 32)              1                     2                     12                    
218                   (11, 28)              (23, 32)              2                     1                     13                    
218                   (11, 28)              (23, 32)              2                     2                     11                    
219                   (11, 28)              (23, 33)              1                     1                     13                    
219                   (11, 28)              (23, 33)              1                     2                     12                    
219                   (11, 28)              (23, 33)              2                     1                     13                    
219                   (11, 28)              (23, 33)              2                     2                     11                    
220                   (11, 28)              (23, 34)              1                     1                     13                    
220                   (11, 28)              (23, 34)              1                     2                     12                    
220                   (11, 28)              (23, 34)              2                     1                     13                    
220                   (11, 28)              (23, 34)              2                     2                     11                    
221                   (11, 28)              (24, 30)              1                     1                     14                    
221                   (11, 28)              (24, 30)              1                     2                     13                    
221                   (11, 28)              (24, 30)              2                     1                     14                    
221                   (11, 28)              (24, 30)              2                     2                     12                    
222                   (11, 28)              (24, 31)              1                     1                     14                    
222                   (11, 28)              (24, 31)              1                     2                     13                    
222                   (11, 28)              (24, 31)              2                     1                     14                    
222                   (11, 28)              (24, 31)              2                     2                     12                    
223                   (11, 28)              (24, 32)              1                     1                     14                    
223                   (11, 28)              (24, 32)              1                     2                     13                    
223                   (11, 28)              (24, 32)              2                     1                     14                    
223                   (11, 28)              (24, 32)              2                     2                     12                    
224                   (11, 28)              (24, 33)              1                     1                     14                    
224                   (11, 28)              (24, 33)              1                     2                     13                    
224                   (11, 28)              (24, 33)              2                     1                     14                    
224                   (11, 28)              (24, 33)              2                     2                     12                    
225                   (11, 28)              (24, 34)              1                     1                     14                    
225                   (11, 28)              (24, 34)              1                     2                     13                    
225                   (11, 28)              (24, 34)              2                     1                     14                    
225                   (11, 28)              (24, 34)              2                     2                     12                    
226                   (11, 29)              (20, 30)              1                     1                     10                    
226                   (11, 29)              (20, 30)              1                     2                     9                     
226                   (11, 29)              (20, 30)              2                     1                     10                    
226                   (11, 29)              (20, 30)              2                     2                     8                     
227                   (11, 29)              (20, 31)              1                     1                     10                    
227                   (11, 29)              (20, 31)              1                     2                     9                     
227                   (11, 29)              (20, 31)              2                     1                     10                    
227                   (11, 29)              (20, 31)              2                     2                     8                     
228                   (11, 29)              (20, 32)              1                     1                     10                    
228                   (11, 29)              (20, 32)              1                     2                     9                     
228                   (11, 29)              (20, 32)              2                     1                     10                    
228                   (11, 29)              (20, 32)              2                     2                     8                     
229                   (11, 29)              (20, 33)              1                     1                     10                    
229                   (11, 29)              (20, 33)              1                     2                     9                     
229                   (11, 29)              (20, 33)              2                     1                     10                    
229                   (11, 29)              (20, 33)              2                     2                     8                     
230                   (11, 29)              (20, 34)              1                     1                     10                    
230                   (11, 29)              (20, 34)              1                     2                     9                     
230                   (11, 29)              (20, 34)              2                     1                     10                    
230                   (11, 29)              (20, 34)              2                     2                     8                     
231                   (11, 29)              (21, 30)              1                     1                     11                    
231                   (11, 29)              (21, 30)              1                     2                     10                    
231                   (11, 29)              (21, 30)              2                     1                     11                    
231                   (11, 29)              (21, 30)              2                     2                     9                     
232                   (11, 29)              (21, 31)              1                     1                     11                    
232                   (11, 29)              (21, 31)              1                     2                     10                    
232                   (11, 29)              (21, 31)              2                     1                     11                    
232                   (11, 29)              (21, 31)              2                     2                     9                     
233                   (11, 29)              (21, 32)              1                     1                     11                    
233                   (11, 29)              (21, 32)              1                     2                     10                    
233                   (11, 29)              (21, 32)              2                     1                     11                    
233                   (11, 29)              (21, 32)              2                     2                     9                     
234                   (11, 29)              (21, 33)              1                     1                     11                    
234                   (11, 29)              (21, 33)              1                     2                     10                    
234                   (11, 29)              (21, 33)              2                     1                     11                    
234                   (11, 29)              (21, 33)              2                     2                     9                     
235                   (11, 29)              (21, 34)              1                     1                     11                    
235                   (11, 29)              (21, 34)              1                     2                     10                    
235                   (11, 29)              (21, 34)              2                     1                     11                    
235                   (11, 29)              (21, 34)              2                     2                     9                     
236                   (11, 29)              (22, 30)              1                     1                     12                    
236                   (11, 29)              (22, 30)              1                     2                     11                    
236                   (11, 29)              (22, 30)              2                     1                     12                    
236                   (11, 29)              (22, 30)              2                     2                     10                    
237                   (11, 29)              (22, 31)              1                     1                     12                    
237                   (11, 29)              (22, 31)              1                     2                     11                    
237                   (11, 29)              (22, 31)              2                     1                     12                    
237                   (11, 29)              (22, 31)              2                     2                     10                    
238                   (11, 29)              (22, 32)              1                     1                     12                    
238                   (11, 29)              (22, 32)              1                     2                     11                    
238                   (11, 29)              (22, 32)              2                     1                     12                    
238                   (11, 29)              (22, 32)              2                     2                     10                    
239                   (11, 29)              (22, 33)              1                     1                     12                    
239                   (11, 29)              (22, 33)              1                     2                     11                    
239                   (11, 29)              (22, 33)              2                     1                     12                    
239                   (11, 29)              (22, 33)              2                     2                     10                    
240                   (11, 29)              (22, 34)              1                     1                     12                    
240                   (11, 29)              (22, 34)              1                     2                     11                    
240                   (11, 29)              (22, 34)              2                     1                     12                    
240                   (11, 29)              (22, 34)              2                     2                     10                    
241                   (11, 29)              (23, 30)              1                     1                     13                    
241                   (11, 29)              (23, 30)              1                     2                     12                    
241                   (11, 29)              (23, 30)              2                     1                     13                    
241                   (11, 29)              (23, 30)              2                     2                     11                    
242                   (11, 29)              (23, 31)              1                     1                     13                    
242                   (11, 29)              (23, 31)              1                     2                     12                    
242                   (11, 29)              (23, 31)              2                     1                     13                    
242                   (11, 29)              (23, 31)              2                     2                     11                    
243                   (11, 29)              (23, 32)              1                     1                     13                    
243                   (11, 29)              (23, 32)              1                     2                     12                    
243                   (11, 29)              (23, 32)              2                     1                     13                    
243                   (11, 29)              (23, 32)              2                     2                     11                    
244                   (11, 29)              (23, 33)              1                     1                     13                    
244                   (11, 29)              (23, 33)              1                     2                     12                    
244                   (11, 29)              (23, 33)              2                     1                     13                    
244                   (11, 29)              (23, 33)              2                     2                     11                    
245                   (11, 29)              (23, 34)              1                     1                     13                    
245                   (11, 29)              (23, 34)              1                     2                     12                    
245                   (11, 29)              (23, 34)              2                     1                     13                    
245                   (11, 29)              (23, 34)              2                     2                     11                    
246                   (11, 29)              (24, 30)              1                     1                     14                    
246                   (11, 29)              (24, 30)              1                     2                     13                    
246                   (11, 29)              (24, 30)              2                     1                     14                    
246                   (11, 29)              (24, 30)              2                     2                     12                    
247                   (11, 29)              (24, 31)              1                     1                     14                    
247                   (11, 29)              (24, 31)              1                     2                     13                    
247                   (11, 29)              (24, 31)              2                     1                     14                    
247                   (11, 29)              (24, 31)              2                     2                     12                    
248                   (11, 29)              (24, 32)              1                     1                     14                    
248                   (11, 29)              (24, 32)              1                     2                     13                    
248                   (11, 29)              (24, 32)              2                     1                     14                    
248                   (11, 29)              (24, 32)              2                     2                     12                    
249                   (11, 29)              (24, 33)              1                     1                     14                    
249                   (11, 29)              (24, 33)              1                     2                     13                    
249                   (11, 29)              (24, 33)              2                     1                     14                    
249                   (11, 29)              (24, 33)              2                     2                     12                    
250                   (11, 29)              (24, 34)              1                     1                     14                    
250                   (11, 29)              (24, 34)              1                     2                     13                    
250                   (11, 29)              (24, 34)              2                     1                     14                    
250                   (11, 29)              (24, 34)              2                     2                     12                    
251                   (12, 25)              (20, 30)              1                     1                     9                     
251                   (12, 25)              (20, 30)              1                     2                     8                     
251                   (12, 25)              (20, 30)              2                     1                     9                     
251                   (12, 25)              (20, 30)              2                     2                     7                     
252                   (12, 25)              (20, 31)              1                     1                     9                     
252                   (12, 25)              (20, 31)              1                     2                     8                     
252                   (12, 25)              (20, 31)              2                     1                     9                     
252                   (12, 25)              (20, 31)              2                     2                     7                     
253                   (12, 25)              (20, 32)              1                     1                     9                     
253                   (12, 25)              (20, 32)              1                     2                     8                     
253                   (12, 25)              (20, 32)              2                     1                     9                     
253                   (12, 25)              (20, 32)              2                     2                     7                     
254                   (12, 25)              (20, 33)              1                     1                     9                     
254                   (12, 25)              (20, 33)              1                     2                     8                     
254                   (12, 25)              (20, 33)              2                     1                     9                     
254                   (12, 25)              (20, 33)              2                     2                     7                     
255                   (12, 25)              (20, 34)              1                     1                     10                    
255                   (12, 25)              (20, 34)              1                     2                     9                     
255                   (12, 25)              (20, 34)              2                     1                     10                    
255                   (12, 25)              (20, 34)              2                     2                     8                     
256                   (12, 25)              (21, 30)              1                     1                     10                    
256                   (12, 25)              (21, 30)              1                     2                     9                     
256                   (12, 25)              (21, 30)              2                     1                     10                    
256                   (12, 25)              (21, 30)              2                     2                     8                     
257                   (12, 25)              (21, 31)              1                     1                     10                    
257                   (12, 25)              (21, 31)              1                     2                     9                     
257                   (12, 25)              (21, 31)              2                     1                     10                    
257                   (12, 25)              (21, 31)              2                     2                     8                     
258                   (12, 25)              (21, 32)              1                     1                     10                    
258                   (12, 25)              (21, 32)              1                     2                     9                     
258                   (12, 25)              (21, 32)              2                     1                     10                    
258                   (12, 25)              (21, 32)              2                     2                     8                     
259                   (12, 25)              (21, 33)              1                     1                     10                    
259                   (12, 25)              (21, 33)              1                     2                     9                     
259                   (12, 25)              (21, 33)              2                     1                     10                    
259                   (12, 25)              (21, 33)              2                     2                     8                     
260                   (12, 25)              (21, 34)              1                     1                     10                    
260                   (12, 25)              (21, 34)              1                     2                     9                     
260                   (12, 25)              (21, 34)              2                     1                     10                    
260                   (12, 25)              (21, 34)              2                     2                     8                     
261                   (12, 25)              (22, 30)              1                     1                     11                    
261                   (12, 25)              (22, 30)              1                     2                     10                    
261                   (12, 25)              (22, 30)              2                     1                     11                    
261                   (12, 25)              (22, 30)              2                     2                     9                     
262                   (12, 25)              (22, 31)              1                     1                     11                    
262                   (12, 25)              (22, 31)              1                     2                     10                    
262                   (12, 25)              (22, 31)              2                     1                     11                    
262                   (12, 25)              (22, 31)              2                     2                     9                     
263                   (12, 25)              (22, 32)              1                     1                     11                    
263                   (12, 25)              (22, 32)              1                     2                     10                    
263                   (12, 25)              (22, 32)              2                     1                     11                    
263                   (12, 25)              (22, 32)              2                     2                     9                     
264                   (12, 25)              (22, 33)              1                     1                     11                    
264                   (12, 25)              (22, 33)              1                     2                     10                    
264                   (12, 25)              (22, 33)              2                     1                     11                    
264                   (12, 25)              (22, 33)              2                     2                     9                     
265                   (12, 25)              (22, 34)              1                     1                     11                    
265                   (12, 25)              (22, 34)              1                     2                     10                    
265                   (12, 25)              (22, 34)              2                     1                     11                    
265                   (12, 25)              (22, 34)              2                     2                     9                     
266                   (12, 25)              (23, 30)              1                     1                     12                    
266                   (12, 25)              (23, 30)              1                     2                     11                    
266                   (12, 25)              (23, 30)              2                     1                     12                    
266                   (12, 25)              (23, 30)              2                     2                     10                    
267                   (12, 25)              (23, 31)              1                     1                     12                    
267                   (12, 25)              (23, 31)              1                     2                     11                    
267                   (12, 25)              (23, 31)              2                     1                     12                    
267                   (12, 25)              (23, 31)              2                     2                     10                    
268                   (12, 25)              (23, 32)              1                     1                     12                    
268                   (12, 25)              (23, 32)              1                     2                     11                    
268                   (12, 25)              (23, 32)              2                     1                     12                    
268                   (12, 25)              (23, 32)              2                     2                     10                    
269                   (12, 25)              (23, 33)              1                     1                     12                    
269                   (12, 25)              (23, 33)              1                     2                     11                    
269                   (12, 25)              (23, 33)              2                     1                     12                    
269                   (12, 25)              (23, 33)              2                     2                     10                    
270                   (12, 25)              (23, 34)              1                     1                     12                    
270                   (12, 25)              (23, 34)              1                     2                     11                    
270                   (12, 25)              (23, 34)              2                     1                     12                    
270                   (12, 25)              (23, 34)              2                     2                     10                    
271                   (12, 25)              (24, 30)              1                     1                     13                    
271                   (12, 25)              (24, 30)              1                     2                     12                    
271                   (12, 25)              (24, 30)              2                     1                     13                    
271                   (12, 25)              (24, 30)              2                     2                     11                    
272                   (12, 25)              (24, 31)              1                     1                     13                    
272                   (12, 25)              (24, 31)              1                     2                     12                    
272                   (12, 25)              (24, 31)              2                     1                     13                    
272                   (12, 25)              (24, 31)              2                     2                     11                    
273                   (12, 25)              (24, 32)              1                     1                     13                    
273                   (12, 25)              (24, 32)              1                     2                     12                    
273                   (12, 25)              (24, 32)              2                     1                     13                    
273                   (12, 25)              (24, 32)              2                     2                     11                    
274                   (12, 25)              (24, 33)              1                     1                     13                    
274                   (12, 25)              (24, 33)              1                     2                     12                    
274                   (12, 25)              (24, 33)              2                     1                     13                    
274                   (12, 25)              (24, 33)              2                     2                     11                    
275                   (12, 25)              (24, 34)              1                     1                     13                    
275                   (12, 25)              (24, 34)              1                     2                     12                    
275                   (12, 25)              (24, 34)              2                     1                     13                    
275                   (12, 25)              (24, 34)              2                     2                     11                    
276                   (12, 26)              (20, 30)              1                     1                     9                     
276                   (12, 26)              (20, 30)              1                     2                     8                     
276                   (12, 26)              (20, 30)              2                     1                     9                     
276                   (12, 26)              (20, 30)              2                     2                     7                     
277                   (12, 26)              (20, 31)              1                     1                     9                     
277                   (12, 26)              (20, 31)              1                     2                     8                     
277                   (12, 26)              (20, 31)              2                     1                     9                     
277                   (12, 26)              (20, 31)              2                     2                     7                     
278                   (12, 26)              (20, 32)              1                     1                     9                     
278                   (12, 26)              (20, 32)              1                     2                     8                     
278                   (12, 26)              (20, 32)              2                     1                     9                     
278                   (12, 26)              (20, 32)              2                     2                     7                     
279                   (12, 26)              (20, 33)              1                     1                     9                     
279                   (12, 26)              (20, 33)              1                     2                     8                     
279                   (12, 26)              (20, 33)              2                     1                     9                     
279                   (12, 26)              (20, 33)              2                     2                     7                     
280                   (12, 26)              (20, 34)              1                     1                     9                     
280                   (12, 26)              (20, 34)              1                     2                     8                     
280                   (12, 26)              (20, 34)              2                     1                     9                     
280                   (12, 26)              (20, 34)              2                     2                     7                     
281                   (12, 26)              (21, 30)              1                     1                     10                    
281                   (12, 26)              (21, 30)              1                     2                     9                     
281                   (12, 26)              (21, 30)              2                     1                     10                    
281                   (12, 26)              (21, 30)              2                     2                     8                     
282                   (12, 26)              (21, 31)              1                     1                     10                    
282                   (12, 26)              (21, 31)              1                     2                     9                     
282                   (12, 26)              (21, 31)              2                     1                     10                    
282                   (12, 26)              (21, 31)              2                     2                     8                     
283                   (12, 26)              (21, 32)              1                     1                     10                    
283                   (12, 26)              (21, 32)              1                     2                     9                     
283                   (12, 26)              (21, 32)              2                     1                     10                    
283                   (12, 26)              (21, 32)              2                     2                     8                     
284                   (12, 26)              (21, 33)              1                     1                     10                    
284                   (12, 26)              (21, 33)              1                     2                     9                     
284                   (12, 26)              (21, 33)              2                     1                     10                    
284                   (12, 26)              (21, 33)              2                     2                     8                     
285                   (12, 26)              (21, 34)              1                     1                     10                    
285                   (12, 26)              (21, 34)              1                     2                     9                     
285                   (12, 26)              (21, 34)              2                     1                     10                    
285                   (12, 26)              (21, 34)              2                     2                     8                     
286                   (12, 26)              (22, 30)              1                     1                     11                    
286                   (12, 26)              (22, 30)              1                     2                     10                    
286                   (12, 26)              (22, 30)              2                     1                     11                    
286                   (12, 26)              (22, 30)              2                     2                     9                     
287                   (12, 26)              (22, 31)              1                     1                     11                    
287                   (12, 26)              (22, 31)              1                     2                     10                    
287                   (12, 26)              (22, 31)              2                     1                     11                    
287                   (12, 26)              (22, 31)              2                     2                     9                     
288                   (12, 26)              (22, 32)              1                     1                     11                    
288                   (12, 26)              (22, 32)              1                     2                     10                    
288                   (12, 26)              (22, 32)              2                     1                     11                    
288                   (12, 26)              (22, 32)              2                     2                     9                     
289                   (12, 26)              (22, 33)              1                     1                     11                    
289                   (12, 26)              (22, 33)              1                     2                     10                    
289                   (12, 26)              (22, 33)              2                     1                     11                    
289                   (12, 26)              (22, 33)              2                     2                     9                     
290                   (12, 26)              (22, 34)              1                     1                     11                    
290                   (12, 26)              (22, 34)              1                     2                     10                    
290                   (12, 26)              (22, 34)              2                     1                     11                    
290                   (12, 26)              (22, 34)              2                     2                     9                     
291                   (12, 26)              (23, 30)              1                     1                     12                    
291                   (12, 26)              (23, 30)              1                     2                     11                    
291                   (12, 26)              (23, 30)              2                     1                     12                    
291                   (12, 26)              (23, 30)              2                     2                     10                    
292                   (12, 26)              (23, 31)              1                     1                     12                    
292                   (12, 26)              (23, 31)              1                     2                     11                    
292                   (12, 26)              (23, 31)              2                     1                     12                    
292                   (12, 26)              (23, 31)              2                     2                     10                    
293                   (12, 26)              (23, 32)              1                     1                     12                    
293                   (12, 26)              (23, 32)              1                     2                     11                    
293                   (12, 26)              (23, 32)              2                     1                     12                    
293                   (12, 26)              (23, 32)              2                     2                     10                    
294                   (12, 26)              (23, 33)              1                     1                     12                    
294                   (12, 26)              (23, 33)              1                     2                     11                    
294                   (12, 26)              (23, 33)              2                     1                     12                    
294                   (12, 26)              (23, 33)              2                     2                     10                    
295                   (12, 26)              (23, 34)              1                     1                     12                    
295                   (12, 26)              (23, 34)              1                     2                     11                    
295                   (12, 26)              (23, 34)              2                     1                     12                    
295                   (12, 26)              (23, 34)              2                     2                     10                    
296                   (12, 26)              (24, 30)              1                     1                     13                    
296                   (12, 26)              (24, 30)              1                     2                     12                    
296                   (12, 26)              (24, 30)              2                     1                     13                    
296                   (12, 26)              (24, 30)              2                     2                     11                    
297                   (12, 26)              (24, 31)              1                     1                     13                    
297                   (12, 26)              (24, 31)              1                     2                     12                    
297                   (12, 26)              (24, 31)              2                     1                     13                    
297                   (12, 26)              (24, 31)              2                     2                     11                    
298                   (12, 26)              (24, 32)              1                     1                     13                    
298                   (12, 26)              (24, 32)              1                     2                     12                    
298                   (12, 26)              (24, 32)              2                     1                     13                    
298                   (12, 26)              (24, 32)              2                     2                     11                    
299                   (12, 26)              (24, 33)              1                     1                     13                    
299                   (12, 26)              (24, 33)              1                     2                     12                    
299                   (12, 26)              (24, 33)              2                     1                     13                    
299                   (12, 26)              (24, 33)              2                     2                     11                    
300                   (12, 26)              (24, 34)              1                     1                     13                    
300                   (12, 26)              (24, 34)              1                     2                     12                    
300                   (12, 26)              (24, 34)              2                     1                     13                    
300                   (12, 26)              (24, 34)              2                     2                     11                    
301                   (12, 27)              (20, 30)              1                     1                     9                     
301                   (12, 27)              (20, 30)              1                     2                     8                     
301                   (12, 27)              (20, 30)              2                     1                     9                     
301                   (12, 27)              (20, 30)              2                     2                     7                     
302                   (12, 27)              (20, 31)              1                     1                     9                     
302                   (12, 27)              (20, 31)              1                     2                     8                     
302                   (12, 27)              (20, 31)              2                     1                     9                     
302                   (12, 27)              (20, 31)              2                     2                     7                     
303                   (12, 27)              (20, 32)              1                     1                     9                     
303                   (12, 27)              (20, 32)              1                     2                     8                     
303                   (12, 27)              (20, 32)              2                     1                     9                     
303                   (12, 27)              (20, 32)              2                     2                     7                     
304                   (12, 27)              (20, 33)              1                     1                     9                     
304                   (12, 27)              (20, 33)              1                     2                     8                     
304                   (12, 27)              (20, 33)              2                     1                     9                     
304                   (12, 27)              (20, 33)              2                     2                     7                     
305                   (12, 27)              (20, 34)              1                     1                     9                     
305                   (12, 27)              (20, 34)              1                     2                     8                     
305                   (12, 27)              (20, 34)              2                     1                     9                     
305                   (12, 27)              (20, 34)              2                     2                     7                     
306                   (12, 27)              (21, 30)              1                     1                     10                    
306                   (12, 27)              (21, 30)              1                     2                     9                     
306                   (12, 27)              (21, 30)              2                     1                     10                    
306                   (12, 27)              (21, 30)              2                     2                     8                     
307                   (12, 27)              (21, 31)              1                     1                     10                    
307                   (12, 27)              (21, 31)              1                     2                     9                     
307                   (12, 27)              (21, 31)              2                     1                     10                    
307                   (12, 27)              (21, 31)              2                     2                     8                     
308                   (12, 27)              (21, 32)              1                     1                     10                    
308                   (12, 27)              (21, 32)              1                     2                     9                     
308                   (12, 27)              (21, 32)              2                     1                     10                    
308                   (12, 27)              (21, 32)              2                     2                     8                     
309                   (12, 27)              (21, 33)              1                     1                     10                    
309                   (12, 27)              (21, 33)              1                     2                     9                     
309                   (12, 27)              (21, 33)              2                     1                     10                    
309                   (12, 27)              (21, 33)              2                     2                     8                     
310                   (12, 27)              (21, 34)              1                     1                     10                    
310                   (12, 27)              (21, 34)              1                     2                     9                     
310                   (12, 27)              (21, 34)              2                     1                     10                    
310                   (12, 27)              (21, 34)              2                     2                     8                     
311                   (12, 27)              (22, 30)              1                     1                     11                    
311                   (12, 27)              (22, 30)              1                     2                     10                    
311                   (12, 27)              (22, 30)              2                     1                     11                    
311                   (12, 27)              (22, 30)              2                     2                     9                     
312                   (12, 27)              (22, 31)              1                     1                     11                    
312                   (12, 27)              (22, 31)              1                     2                     10                    
312                   (12, 27)              (22, 31)              2                     1                     11                    
312                   (12, 27)              (22, 31)              2                     2                     9                     
313                   (12, 27)              (22, 32)              1                     1                     11                    
313                   (12, 27)              (22, 32)              1                     2                     10                    
313                   (12, 27)              (22, 32)              2                     1                     11                    
313                   (12, 27)              (22, 32)              2                     2                     9                     
314                   (12, 27)              (22, 33)              1                     1                     11                    
314                   (12, 27)              (22, 33)              1                     2                     10                    
314                   (12, 27)              (22, 33)              2                     1                     11                    
314                   (12, 27)              (22, 33)              2                     2                     9                     
315                   (12, 27)              (22, 34)              1                     1                     11                    
315                   (12, 27)              (22, 34)              1                     2                     10                    
315                   (12, 27)              (22, 34)              2                     1                     11                    
315                   (12, 27)              (22, 34)              2                     2                     9                     
316                   (12, 27)              (23, 30)              1                     1                     12                    
316                   (12, 27)              (23, 30)              1                     2                     11                    
316                   (12, 27)              (23, 30)              2                     1                     12                    
316                   (12, 27)              (23, 30)              2                     2                     10                    
317                   (12, 27)              (23, 31)              1                     1                     12                    
317                   (12, 27)              (23, 31)              1                     2                     11                    
317                   (12, 27)              (23, 31)              2                     1                     12                    
317                   (12, 27)              (23, 31)              2                     2                     10                    
318                   (12, 27)              (23, 32)              1                     1                     12                    
318                   (12, 27)              (23, 32)              1                     2                     11                    
318                   (12, 27)              (23, 32)              2                     1                     12                    
318                   (12, 27)              (23, 32)              2                     2                     10                    
319                   (12, 27)              (23, 33)              1                     1                     12                    
319                   (12, 27)              (23, 33)              1                     2                     11                    
319                   (12, 27)              (23, 33)              2                     1                     12                    
319                   (12, 27)              (23, 33)              2                     2                     10                    
320                   (12, 27)              (23, 34)              1                     1                     12                    
320                   (12, 27)              (23, 34)              1                     2                     11                    
320                   (12, 27)              (23, 34)              2                     1                     12                    
320                   (12, 27)              (23, 34)              2                     2                     10                    
321                   (12, 27)              (24, 30)              1                     1                     13                    
321                   (12, 27)              (24, 30)              1                     2                     12                    
321                   (12, 27)              (24, 30)              2                     1                     13                    
321                   (12, 27)              (24, 30)              2                     2                     11                    
322                   (12, 27)              (24, 31)              1                     1                     13                    
322                   (12, 27)              (24, 31)              1                     2                     12                    
322                   (12, 27)              (24, 31)              2                     1                     13                    
322                   (12, 27)              (24, 31)              2                     2                     11                    
323                   (12, 27)              (24, 32)              1                     1                     13                    
323                   (12, 27)              (24, 32)              1                     2                     12                    
323                   (12, 27)              (24, 32)              2                     1                     13                    
323                   (12, 27)              (24, 32)              2                     2                     11                    
324                   (12, 27)              (24, 33)              1                     1                     13                    
324                   (12, 27)              (24, 33)              1                     2                     12                    
324                   (12, 27)              (24, 33)              2                     1                     13                    
324                   (12, 27)              (24, 33)              2                     2                     11                    
325                   (12, 27)              (24, 34)              1                     1                     13                    
325                   (12, 27)              (24, 34)              1                     2                     12                    
325                   (12, 27)              (24, 34)              2                     1                     13                    
325                   (12, 27)              (24, 34)              2                     2                     11                    
326                   (12, 28)              (20, 30)              1                     1                     9                     
326                   (12, 28)              (20, 30)              1                     2                     8                     
326                   (12, 28)              (20, 30)              2                     1                     9                     
326                   (12, 28)              (20, 30)              2                     2                     7                     
327                   (12, 28)              (20, 31)              1                     1                     9                     
327                   (12, 28)              (20, 31)              1                     2                     8                     
327                   (12, 28)              (20, 31)              2                     1                     9                     
327                   (12, 28)              (20, 31)              2                     2                     7                     
328                   (12, 28)              (20, 32)              1                     1                     9                     
328                   (12, 28)              (20, 32)              1                     2                     8                     
328                   (12, 28)              (20, 32)              2                     1                     9                     
328                   (12, 28)              (20, 32)              2                     2                     7                     
329                   (12, 28)              (20, 33)              1                     1                     9                     
329                   (12, 28)              (20, 33)              1                     2                     8                     
329                   (12, 28)              (20, 33)              2                     1                     9                     
329                   (12, 28)              (20, 33)              2                     2                     7                     
330                   (12, 28)              (20, 34)              1                     1                     9                     
330                   (12, 28)              (20, 34)              1                     2                     8                     
330                   (12, 28)              (20, 34)              2                     1                     9                     
330                   (12, 28)              (20, 34)              2                     2                     7                     
331                   (12, 28)              (21, 30)              1                     1                     10                    
331                   (12, 28)              (21, 30)              1                     2                     9                     
331                   (12, 28)              (21, 30)              2                     1                     10                    
331                   (12, 28)              (21, 30)              2                     2                     8                     
332                   (12, 28)              (21, 31)              1                     1                     10                    
332                   (12, 28)              (21, 31)              1                     2                     9                     
332                   (12, 28)              (21, 31)              2                     1                     10                    
332                   (12, 28)              (21, 31)              2                     2                     8                     
333                   (12, 28)              (21, 32)              1                     1                     10                    
333                   (12, 28)              (21, 32)              1                     2                     9                     
333                   (12, 28)              (21, 32)              2                     1                     10                    
333                   (12, 28)              (21, 32)              2                     2                     8                     
334                   (12, 28)              (21, 33)              1                     1                     10                    
334                   (12, 28)              (21, 33)              1                     2                     9                     
334                   (12, 28)              (21, 33)              2                     1                     10                    
334                   (12, 28)              (21, 33)              2                     2                     8                     
335                   (12, 28)              (21, 34)              1                     1                     10                    
335                   (12, 28)              (21, 34)              1                     2                     9                     
335                   (12, 28)              (21, 34)              2                     1                     10                    
335                   (12, 28)              (21, 34)              2                     2                     8                     
336                   (12, 28)              (22, 30)              1                     1                     11                    
336                   (12, 28)              (22, 30)              1                     2                     10                    
336                   (12, 28)              (22, 30)              2                     1                     11                    
336                   (12, 28)              (22, 30)              2                     2                     9                     
337                   (12, 28)              (22, 31)              1                     1                     11                    
337                   (12, 28)              (22, 31)              1                     2                     10                    
337                   (12, 28)              (22, 31)              2                     1                     11                    
337                   (12, 28)              (22, 31)              2                     2                     9                     
338                   (12, 28)              (22, 32)              1                     1                     11                    
338                   (12, 28)              (22, 32)              1                     2                     10                    
338                   (12, 28)              (22, 32)              2                     1                     11                    
338                   (12, 28)              (22, 32)              2                     2                     9                     
339                   (12, 28)              (22, 33)              1                     1                     11                    
339                   (12, 28)              (22, 33)              1                     2                     10                    
339                   (12, 28)              (22, 33)              2                     1                     11                    
339                   (12, 28)              (22, 33)              2                     2                     9                     
340                   (12, 28)              (22, 34)              1                     1                     11                    
340                   (12, 28)              (22, 34)              1                     2                     10                    
340                   (12, 28)              (22, 34)              2                     1                     11                    
340                   (12, 28)              (22, 34)              2                     2                     9                     
341                   (12, 28)              (23, 30)              1                     1                     12                    
341                   (12, 28)              (23, 30)              1                     2                     11                    
341                   (12, 28)              (23, 30)              2                     1                     12                    
341                   (12, 28)              (23, 30)              2                     2                     10                    
342                   (12, 28)              (23, 31)              1                     1                     12                    
342                   (12, 28)              (23, 31)              1                     2                     11                    
342                   (12, 28)              (23, 31)              2                     1                     12                    
342                   (12, 28)              (23, 31)              2                     2                     10                    
343                   (12, 28)              (23, 32)              1                     1                     12                    
343                   (12, 28)              (23, 32)              1                     2                     11                    
343                   (12, 28)              (23, 32)              2                     1                     12                    
343                   (12, 28)              (23, 32)              2                     2                     10                    
344                   (12, 28)              (23, 33)              1                     1                     12                    
344                   (12, 28)              (23, 33)              1                     2                     11                    
344                   (12, 28)              (23, 33)              2                     1                     12                    
344                   (12, 28)              (23, 33)              2                     2                     10                    
345                   (12, 28)              (23, 34)              1                     1                     12                    
345                   (12, 28)              (23, 34)              1                     2                     11                    
345                   (12, 28)              (23, 34)              2                     1                     12                    
345                   (12, 28)              (23, 34)              2                     2                     10                    
346                   (12, 28)              (24, 30)              1                     1                     13                    
346                   (12, 28)              (24, 30)              1                     2                     12                    
346                   (12, 28)              (24, 30)              2                     1                     13                    
346                   (12, 28)              (24, 30)              2                     2                     11                    
347                   (12, 28)              (24, 31)              1                     1                     13                    
347                   (12, 28)              (24, 31)              1                     2                     12                    
347                   (12, 28)              (24, 31)              2                     1                     13                    
347                   (12, 28)              (24, 31)              2                     2                     11                    
348                   (12, 28)              (24, 32)              1                     1                     13                    
348                   (12, 28)              (24, 32)              1                     2                     12                    
348                   (12, 28)              (24, 32)              2                     1                     13                    
348                   (12, 28)              (24, 32)              2                     2                     11                    
349                   (12, 28)              (24, 33)              1                     1                     13                    
349                   (12, 28)              (24, 33)              1                     2                     12                    
349                   (12, 28)              (24, 33)              2                     1                     13                    
349                   (12, 28)              (24, 33)              2                     2                     11                    
350                   (12, 28)              (24, 34)              1                     1                     13                    
350                   (12, 28)              (24, 34)              1                     2                     12                    
350                   (12, 28)              (24, 34)              2                     1                     13                    
350                   (12, 28)              (24, 34)              2                     2                     11                    
351                   (12, 29)              (20, 30)              1                     1                     9                     
351                   (12, 29)              (20, 30)              1                     2                     8                     
351                   (12, 29)              (20, 30)              2                     1                     9                     
351                   (12, 29)              (20, 30)              2                     2                     7                     
352                   (12, 29)              (20, 31)              1                     1                     9                     
352                   (12, 29)              (20, 31)              1                     2                     8                     
352                   (12, 29)              (20, 31)              2                     1                     9                     
352                   (12, 29)              (20, 31)              2                     2                     7                     
353                   (12, 29)              (20, 32)              1                     1                     9                     
353                   (12, 29)              (20, 32)              1                     2                     8                     
353                   (12, 29)              (20, 32)              2                     1                     9                     
353                   (12, 29)              (20, 32)              2                     2                     7                     
354                   (12, 29)              (20, 33)              1                     1                     9                     
354                   (12, 29)              (20, 33)              1                     2                     8                     
354                   (12, 29)              (20, 33)              2                     1                     9                     
354                   (12, 29)              (20, 33)              2                     2                     7                     
355                   (12, 29)              (20, 34)              1                     1                     9                     
355                   (12, 29)              (20, 34)              1                     2                     8                     
355                   (12, 29)              (20, 34)              2                     1                     9                     
355                   (12, 29)              (20, 34)              2                     2                     7                     
356                   (12, 29)              (21, 30)              1                     1                     10                    
356                   (12, 29)              (21, 30)              1                     2                     9                     
356                   (12, 29)              (21, 30)              2                     1                     10                    
356                   (12, 29)              (21, 30)              2                     2                     8                     
357                   (12, 29)              (21, 31)              1                     1                     10                    
357                   (12, 29)              (21, 31)              1                     2                     9                     
357                   (12, 29)              (21, 31)              2                     1                     10                    
357                   (12, 29)              (21, 31)              2                     2                     8                     
358                   (12, 29)              (21, 32)              1                     1                     10                    
358                   (12, 29)              (21, 32)              1                     2                     9                     
358                   (12, 29)              (21, 32)              2                     1                     10                    
358                   (12, 29)              (21, 32)              2                     2                     8                     
359                   (12, 29)              (21, 33)              1                     1                     10                    
359                   (12, 29)              (21, 33)              1                     2                     9                     
359                   (12, 29)              (21, 33)              2                     1                     10                    
359                   (12, 29)              (21, 33)              2                     2                     8                     
360                   (12, 29)              (21, 34)              1                     1                     10                    
360                   (12, 29)              (21, 34)              1                     2                     9                     
360                   (12, 29)              (21, 34)              2                     1                     10                    
360                   (12, 29)              (21, 34)              2                     2                     8                     
361                   (12, 29)              (22, 30)              1                     1                     11                    
361                   (12, 29)              (22, 30)              1                     2                     10                    
361                   (12, 29)              (22, 30)              2                     1                     11                    
361                   (12, 29)              (22, 30)              2                     2                     9                     
362                   (12, 29)              (22, 31)              1                     1                     11                    
362                   (12, 29)              (22, 31)              1                     2                     10                    
362                   (12, 29)              (22, 31)              2                     1                     11                    
362                   (12, 29)              (22, 31)              2                     2                     9                     
363                   (12, 29)              (22, 32)              1                     1                     11                    
363                   (12, 29)              (22, 32)              1                     2                     10                    
363                   (12, 29)              (22, 32)              2                     1                     11                    
363                   (12, 29)              (22, 32)              2                     2                     9                     
364                   (12, 29)              (22, 33)              1                     1                     11                    
364                   (12, 29)              (22, 33)              1                     2                     10                    
364                   (12, 29)              (22, 33)              2                     1                     11                    
364                   (12, 29)              (22, 33)              2                     2                     9                     
365                   (12, 29)              (22, 34)              1                     1                     11                    
365                   (12, 29)              (22, 34)              1                     2                     10                    
365                   (12, 29)              (22, 34)              2                     1                     11                    
365                   (12, 29)              (22, 34)              2                     2                     9                     
366                   (12, 29)              (23, 30)              1                     1                     12                    
366                   (12, 29)              (23, 30)              1                     2                     11                    
366                   (12, 29)              (23, 30)              2                     1                     12                    
366                   (12, 29)              (23, 30)              2                     2                     10                    
367                   (12, 29)              (23, 31)              1                     1                     12                    
367                   (12, 29)              (23, 31)              1                     2                     11                    
367                   (12, 29)              (23, 31)              2                     1                     12                    
367                   (12, 29)              (23, 31)              2                     2                     10                    
368                   (12, 29)              (23, 32)              1                     1                     12                    
368                   (12, 29)              (23, 32)              1                     2                     11                    
368                   (12, 29)              (23, 32)              2                     1                     12                    
368                   (12, 29)              (23, 32)              2                     2                     10                    
369                   (12, 29)              (23, 33)              1                     1                     12                    
369                   (12, 29)              (23, 33)              1                     2                     11                    
369                   (12, 29)              (23, 33)              2                     1                     12                    
369                   (12, 29)              (23, 33)              2                     2                     10                    
370                   (12, 29)              (23, 34)              1                     1                     12                    
370                   (12, 29)              (23, 34)              1                     2                     11                    
370                   (12, 29)              (23, 34)              2                     1                     12                    
370                   (12, 29)              (23, 34)              2                     2                     10                    
371                   (12, 29)              (24, 30)              1                     1                     13                    
371                   (12, 29)              (24, 30)              1                     2                     12                    
371                   (12, 29)              (24, 30)              2                     1                     13                    
371                   (12, 29)              (24, 30)              2                     2                     11                    
372                   (12, 29)              (24, 31)              1                     1                     13                    
372                   (12, 29)              (24, 31)              1                     2                     12                    
372                   (12, 29)              (24, 31)              2                     1                     13                    
372                   (12, 29)              (24, 31)              2                     2                     11                    
373                   (12, 29)              (24, 32)              1                     1                     13                    
373                   (12, 29)              (24, 32)              1                     2                     12                    
373                   (12, 29)              (24, 32)              2                     1                     13                    
373                   (12, 29)              (24, 32)              2                     2                     11                    
374                   (12, 29)              (24, 33)              1                     1                     13                    
374                   (12, 29)              (24, 33)              1                     2                     12                    
374                   (12, 29)              (24, 33)              2                     1                     13                    
374                   (12, 29)              (24, 33)              2                     2                     11                    
375                   (12, 29)              (24, 34)              1                     1                     13                    
375                   (12, 29)              (24, 34)              1                     2                     12                    
375                   (12, 29)              (24, 34)              2                     1                     13                    
375                   (12, 29)              (24, 34)              2                     2                     11                    
376                   (13, 25)              (20, 30)              1                     1                     8                     
376                   (13, 25)              (20, 30)              1                     2                     7                     
376                   (13, 25)              (20, 30)              2                     1                     8                     
376                   (13, 25)              (20, 30)              2                     2                     6                     
377                   (13, 25)              (20, 31)              1                     1                     8                     
377                   (13, 25)              (20, 31)              1                     2                     7                     
377                   (13, 25)              (20, 31)              2                     1                     8                     
377                   (13, 25)              (20, 31)              2                     2                     6                     
378                   (13, 25)              (20, 32)              1                     1                     8                     
378                   (13, 25)              (20, 32)              1                     2                     7                     
378                   (13, 25)              (20, 32)              2                     1                     8                     
378                   (13, 25)              (20, 32)              2                     2                     6                     
379                   (13, 25)              (20, 33)              1                     1                     9                     
379                   (13, 25)              (20, 33)              1                     2                     8                     
379                   (13, 25)              (20, 33)              2                     1                     9                     
379                   (13, 25)              (20, 33)              2                     2                     7                     
380                   (13, 25)              (20, 34)              1                     1                     10                    
380                   (13, 25)              (20, 34)              1                     2                     9                     
380                   (13, 25)              (20, 34)              2                     1                     10                    
380                   (13, 25)              (20, 34)              2                     2                     8                     
381                   (13, 25)              (21, 30)              1                     1                     9                     
381                   (13, 25)              (21, 30)              1                     2                     8                     
381                   (13, 25)              (21, 30)              2                     1                     9                     
381                   (13, 25)              (21, 30)              2                     2                     7                     
382                   (13, 25)              (21, 31)              1                     1                     9                     
382                   (13, 25)              (21, 31)              1                     2                     8                     
382                   (13, 25)              (21, 31)              2                     1                     9                     
382                   (13, 25)              (21, 31)              2                     2                     7                     
383                   (13, 25)              (21, 32)              1                     1                     9                     
383                   (13, 25)              (21, 32)              1                     2                     8                     
383                   (13, 25)              (21, 32)              2                     1                     9                     
383                   (13, 25)              (21, 32)              2                     2                     7                     
384                   (13, 25)              (21, 33)              1                     1                     9                     
384                   (13, 25)              (21, 33)              1                     2                     8                     
384                   (13, 25)              (21, 33)              2                     1                     9                     
384                   (13, 25)              (21, 33)              2                     2                     7                     
385                   (13, 25)              (21, 34)              1                     1                     10                    
385                   (13, 25)              (21, 34)              1                     2                     9                     
385                   (13, 25)              (21, 34)              2                     1                     10                    
385                   (13, 25)              (21, 34)              2                     2                     8                     
386                   (13, 25)              (22, 30)              1                     1                     10                    
386                   (13, 25)              (22, 30)              1                     2                     9                     
386                   (13, 25)              (22, 30)              2                     1                     10                    
386                   (13, 25)              (22, 30)              2                     2                     8                     
387                   (13, 25)              (22, 31)              1                     1                     10                    
387                   (13, 25)              (22, 31)              1                     2                     9                     
387                   (13, 25)              (22, 31)              2                     1                     10                    
387                   (13, 25)              (22, 31)              2                     2                     8                     
388                   (13, 25)              (22, 32)              1                     1                     10                    
388                   (13, 25)              (22, 32)              1                     2                     9                     
388                   (13, 25)              (22, 32)              2                     1                     10                    
388                   (13, 25)              (22, 32)              2                     2                     8                     
389                   (13, 25)              (22, 33)              1                     1                     10                    
389                   (13, 25)              (22, 33)              1                     2                     9                     
389                   (13, 25)              (22, 33)              2                     1                     10                    
389                   (13, 25)              (22, 33)              2                     2                     8                     
390                   (13, 25)              (22, 34)              1                     1                     10                    
390                   (13, 25)              (22, 34)              1                     2                     9                     
390                   (13, 25)              (22, 34)              2                     1                     10                    
390                   (13, 25)              (22, 34)              2                     2                     8                     
391                   (13, 25)              (23, 30)              1                     1                     11                    
391                   (13, 25)              (23, 30)              1                     2                     10                    
391                   (13, 25)              (23, 30)              2                     1                     11                    
391                   (13, 25)              (23, 30)              2                     2                     9                     
392                   (13, 25)              (23, 31)              1                     1                     11                    
392                   (13, 25)              (23, 31)              1                     2                     10                    
392                   (13, 25)              (23, 31)              2                     1                     11                    
392                   (13, 25)              (23, 31)              2                     2                     9                     
393                   (13, 25)              (23, 32)              1                     1                     11                    
393                   (13, 25)              (23, 32)              1                     2                     10                    
393                   (13, 25)              (23, 32)              2                     1                     11                    
393                   (13, 25)              (23, 32)              2                     2                     9                     
394                   (13, 25)              (23, 33)              1                     1                     11                    
394                   (13, 25)              (23, 33)              1                     2                     10                    
394                   (13, 25)              (23, 33)              2                     1                     11                    
394                   (13, 25)              (23, 33)              2                     2                     9                     
395                   (13, 25)              (23, 34)              1                     1                     11                    
395                   (13, 25)              (23, 34)              1                     2                     10                    
395                   (13, 25)              (23, 34)              2                     1                     11                    
395                   (13, 25)              (23, 34)              2                     2                     9                     
396                   (13, 25)              (24, 30)              1                     1                     12                    
396                   (13, 25)              (24, 30)              1                     2                     11                    
396                   (13, 25)              (24, 30)              2                     1                     12                    
396                   (13, 25)              (24, 30)              2                     2                     10                    
397                   (13, 25)              (24, 31)              1                     1                     12                    
397                   (13, 25)              (24, 31)              1                     2                     11                    
397                   (13, 25)              (24, 31)              2                     1                     12                    
397                   (13, 25)              (24, 31)              2                     2                     10                    
398                   (13, 25)              (24, 32)              1                     1                     12                    
398                   (13, 25)              (24, 32)              1                     2                     11                    
398                   (13, 25)              (24, 32)              2                     1                     12                    
398                   (13, 25)              (24, 32)              2                     2                     10                    
399                   (13, 25)              (24, 33)              1                     1                     12                    
399                   (13, 25)              (24, 33)              1                     2                     11                    
399                   (13, 25)              (24, 33)              2                     1                     12                    
399                   (13, 25)              (24, 33)              2                     2                     10                    
400                   (13, 25)              (24, 34)              1                     1                     12                    
400                   (13, 25)              (24, 34)              1                     2                     11                    
400                   (13, 25)              (24, 34)              2                     1                     12                    
400                   (13, 25)              (24, 34)              2                     2                     10                    
401                   (13, 26)              (20, 30)              1                     1                     8                     
401                   (13, 26)              (20, 30)              1                     2                     7                     
401                   (13, 26)              (20, 30)              2                     1                     8                     
401                   (13, 26)              (20, 30)              2                     2                     6                     
402                   (13, 26)              (20, 31)              1                     1                     8                     
402                   (13, 26)              (20, 31)              1                     2                     7                     
402                   (13, 26)              (20, 31)              2                     1                     8                     
402                   (13, 26)              (20, 31)              2                     2                     6                     
403                   (13, 26)              (20, 32)              1                     1                     8                     
403                   (13, 26)              (20, 32)              1                     2                     7                     
403                   (13, 26)              (20, 32)              2                     1                     8                     
403                   (13, 26)              (20, 32)              2                     2                     6                     
404                   (13, 26)              (20, 33)              1                     1                     8                     
404                   (13, 26)              (20, 33)              1                     2                     7                     
404                   (13, 26)              (20, 33)              2                     1                     8                     
404                   (13, 26)              (20, 33)              2                     2                     6                     
405                   (13, 26)              (20, 34)              1                     1                     9                     
405                   (13, 26)              (20, 34)              1                     2                     8                     
405                   (13, 26)              (20, 34)              2                     1                     9                     
405                   (13, 26)              (20, 34)              2                     2                     7                     
406                   (13, 26)              (21, 30)              1                     1                     9                     
406                   (13, 26)              (21, 30)              1                     2                     8                     
406                   (13, 26)              (21, 30)              2                     1                     9                     
406                   (13, 26)              (21, 30)              2                     2                     7                     
407                   (13, 26)              (21, 31)              1                     1                     9                     
407                   (13, 26)              (21, 31)              1                     2                     8                     
407                   (13, 26)              (21, 31)              2                     1                     9                     
407                   (13, 26)              (21, 31)              2                     2                     7                     
408                   (13, 26)              (21, 32)              1                     1                     9                     
408                   (13, 26)              (21, 32)              1                     2                     8                     
408                   (13, 26)              (21, 32)              2                     1                     9                     
408                   (13, 26)              (21, 32)              2                     2                     7                     
409                   (13, 26)              (21, 33)              1                     1                     9                     
409                   (13, 26)              (21, 33)              1                     2                     8                     
409                   (13, 26)              (21, 33)              2                     1                     9                     
409                   (13, 26)              (21, 33)              2                     2                     7                     
410                   (13, 26)              (21, 34)              1                     1                     9                     
410                   (13, 26)              (21, 34)              1                     2                     8                     
410                   (13, 26)              (21, 34)              2                     1                     9                     
410                   (13, 26)              (21, 34)              2                     2                     7                     
411                   (13, 26)              (22, 30)              1                     1                     10                    
411                   (13, 26)              (22, 30)              1                     2                     9                     
411                   (13, 26)              (22, 30)              2                     1                     10                    
411                   (13, 26)              (22, 30)              2                     2                     8                     
412                   (13, 26)              (22, 31)              1                     1                     10                    
412                   (13, 26)              (22, 31)              1                     2                     9                     
412                   (13, 26)              (22, 31)              2                     1                     10                    
412                   (13, 26)              (22, 31)              2                     2                     8                     
413                   (13, 26)              (22, 32)              1                     1                     10                    
413                   (13, 26)              (22, 32)              1                     2                     9                     
413                   (13, 26)              (22, 32)              2                     1                     10                    
413                   (13, 26)              (22, 32)              2                     2                     8                     
414                   (13, 26)              (22, 33)              1                     1                     10                    
414                   (13, 26)              (22, 33)              1                     2                     9                     
414                   (13, 26)              (22, 33)              2                     1                     10                    
414                   (13, 26)              (22, 33)              2                     2                     8                     
415                   (13, 26)              (22, 34)              1                     1                     10                    
415                   (13, 26)              (22, 34)              1                     2                     9                     
415                   (13, 26)              (22, 34)              2                     1                     10                    
415                   (13, 26)              (22, 34)              2                     2                     8                     
416                   (13, 26)              (23, 30)              1                     1                     11                    
416                   (13, 26)              (23, 30)              1                     2                     10                    
416                   (13, 26)              (23, 30)              2                     1                     11                    
416                   (13, 26)              (23, 30)              2                     2                     9                     
417                   (13, 26)              (23, 31)              1                     1                     11                    
417                   (13, 26)              (23, 31)              1                     2                     10                    
417                   (13, 26)              (23, 31)              2                     1                     11                    
417                   (13, 26)              (23, 31)              2                     2                     9                     
418                   (13, 26)              (23, 32)              1                     1                     11                    
418                   (13, 26)              (23, 32)              1                     2                     10                    
418                   (13, 26)              (23, 32)              2                     1                     11                    
418                   (13, 26)              (23, 32)              2                     2                     9                     
419                   (13, 26)              (23, 33)              1                     1                     11                    
419                   (13, 26)              (23, 33)              1                     2                     10                    
419                   (13, 26)              (23, 33)              2                     1                     11                    
419                   (13, 26)              (23, 33)              2                     2                     9                     
420                   (13, 26)              (23, 34)              1                     1                     11                    
420                   (13, 26)              (23, 34)              1                     2                     10                    
420                   (13, 26)              (23, 34)              2                     1                     11                    
420                   (13, 26)              (23, 34)              2                     2                     9                     
421                   (13, 26)              (24, 30)              1                     1                     12                    
421                   (13, 26)              (24, 30)              1                     2                     11                    
421                   (13, 26)              (24, 30)              2                     1                     12                    
421                   (13, 26)              (24, 30)              2                     2                     10                    
422                   (13, 26)              (24, 31)              1                     1                     12                    
422                   (13, 26)              (24, 31)              1                     2                     11                    
422                   (13, 26)              (24, 31)              2                     1                     12                    
422                   (13, 26)              (24, 31)              2                     2                     10                    
423                   (13, 26)              (24, 32)              1                     1                     12                    
423                   (13, 26)              (24, 32)              1                     2                     11                    
423                   (13, 26)              (24, 32)              2                     1                     12                    
423                   (13, 26)              (24, 32)              2                     2                     10                    
424                   (13, 26)              (24, 33)              1                     1                     12                    
424                   (13, 26)              (24, 33)              1                     2                     11                    
424                   (13, 26)              (24, 33)              2                     1                     12                    
424                   (13, 26)              (24, 33)              2                     2                     10                    
425                   (13, 26)              (24, 34)              1                     1                     12                    
425                   (13, 26)              (24, 34)              1                     2                     11                    
425                   (13, 26)              (24, 34)              2                     1                     12                    
425                   (13, 26)              (24, 34)              2                     2                     10                    
426                   (13, 27)              (20, 30)              1                     1                     8                     
426                   (13, 27)              (20, 30)              1                     2                     7                     
426                   (13, 27)              (20, 30)              2                     1                     8                     
426                   (13, 27)              (20, 30)              2                     2                     6                     
427                   (13, 27)              (20, 31)              1                     1                     8                     
427                   (13, 27)              (20, 31)              1                     2                     7                     
427                   (13, 27)              (20, 31)              2                     1                     8                     
427                   (13, 27)              (20, 31)              2                     2                     6                     
428                   (13, 27)              (20, 32)              1                     1                     8                     
428                   (13, 27)              (20, 32)              1                     2                     7                     
428                   (13, 27)              (20, 32)              2                     1                     8                     
428                   (13, 27)              (20, 32)              2                     2                     6                     
429                   (13, 27)              (20, 33)              1                     1                     8                     
429                   (13, 27)              (20, 33)              1                     2                     7                     
429                   (13, 27)              (20, 33)              2                     1                     8                     
429                   (13, 27)              (20, 33)              2                     2                     6                     
430                   (13, 27)              (20, 34)              1                     1                     8                     
430                   (13, 27)              (20, 34)              1                     2                     7                     
430                   (13, 27)              (20, 34)              2                     1                     8                     
430                   (13, 27)              (20, 34)              2                     2                     6                     
431                   (13, 27)              (21, 30)              1                     1                     9                     
431                   (13, 27)              (21, 30)              1                     2                     8                     
431                   (13, 27)              (21, 30)              2                     1                     9                     
431                   (13, 27)              (21, 30)              2                     2                     7                     
432                   (13, 27)              (21, 31)              1                     1                     9                     
432                   (13, 27)              (21, 31)              1                     2                     8                     
432                   (13, 27)              (21, 31)              2                     1                     9                     
432                   (13, 27)              (21, 31)              2                     2                     7                     
433                   (13, 27)              (21, 32)              1                     1                     9                     
433                   (13, 27)              (21, 32)              1                     2                     8                     
433                   (13, 27)              (21, 32)              2                     1                     9                     
433                   (13, 27)              (21, 32)              2                     2                     7                     
434                   (13, 27)              (21, 33)              1                     1                     9                     
434                   (13, 27)              (21, 33)              1                     2                     8                     
434                   (13, 27)              (21, 33)              2                     1                     9                     
434                   (13, 27)              (21, 33)              2                     2                     7                     
435                   (13, 27)              (21, 34)              1                     1                     9                     
435                   (13, 27)              (21, 34)              1                     2                     8                     
435                   (13, 27)              (21, 34)              2                     1                     9                     
435                   (13, 27)              (21, 34)              2                     2                     7                     
436                   (13, 27)              (22, 30)              1                     1                     10                    
436                   (13, 27)              (22, 30)              1                     2                     9                     
436                   (13, 27)              (22, 30)              2                     1                     10                    
436                   (13, 27)              (22, 30)              2                     2                     8                     
437                   (13, 27)              (22, 31)              1                     1                     10                    
437                   (13, 27)              (22, 31)              1                     2                     9                     
437                   (13, 27)              (22, 31)              2                     1                     10                    
437                   (13, 27)              (22, 31)              2                     2                     8                     
438                   (13, 27)              (22, 32)              1                     1                     10                    
438                   (13, 27)              (22, 32)              1                     2                     9                     
438                   (13, 27)              (22, 32)              2                     1                     10                    
438                   (13, 27)              (22, 32)              2                     2                     8                     
439                   (13, 27)              (22, 33)              1                     1                     10                    
439                   (13, 27)              (22, 33)              1                     2                     9                     
439                   (13, 27)              (22, 33)              2                     1                     10                    
439                   (13, 27)              (22, 33)              2                     2                     8                     
440                   (13, 27)              (22, 34)              1                     1                     10                    
440                   (13, 27)              (22, 34)              1                     2                     9                     
440                   (13, 27)              (22, 34)              2                     1                     10                    
440                   (13, 27)              (22, 34)              2                     2                     8                     
441                   (13, 27)              (23, 30)              1                     1                     11                    
441                   (13, 27)              (23, 30)              1                     2                     10                    
441                   (13, 27)              (23, 30)              2                     1                     11                    
441                   (13, 27)              (23, 30)              2                     2                     9                     
442                   (13, 27)              (23, 31)              1                     1                     11                    
442                   (13, 27)              (23, 31)              1                     2                     10                    
442                   (13, 27)              (23, 31)              2                     1                     11                    
442                   (13, 27)              (23, 31)              2                     2                     9                     
443                   (13, 27)              (23, 32)              1                     1                     11                    
443                   (13, 27)              (23, 32)              1                     2                     10                    
443                   (13, 27)              (23, 32)              2                     1                     11                    
443                   (13, 27)              (23, 32)              2                     2                     9                     
444                   (13, 27)              (23, 33)              1                     1                     11                    
444                   (13, 27)              (23, 33)              1                     2                     10                    
444                   (13, 27)              (23, 33)              2                     1                     11                    
444                   (13, 27)              (23, 33)              2                     2                     9                     
445                   (13, 27)              (23, 34)              1                     1                     11                    
445                   (13, 27)              (23, 34)              1                     2                     10                    
445                   (13, 27)              (23, 34)              2                     1                     11                    
445                   (13, 27)              (23, 34)              2                     2                     9                     
446                   (13, 27)              (24, 30)              1                     1                     12                    
446                   (13, 27)              (24, 30)              1                     2                     11                    
446                   (13, 27)              (24, 30)              2                     1                     12                    
446                   (13, 27)              (24, 30)              2                     2                     10                    
447                   (13, 27)              (24, 31)              1                     1                     12                    
447                   (13, 27)              (24, 31)              1                     2                     11                    
447                   (13, 27)              (24, 31)              2                     1                     12                    
447                   (13, 27)              (24, 31)              2                     2                     10                    
448                   (13, 27)              (24, 32)              1                     1                     12                    
448                   (13, 27)              (24, 32)              1                     2                     11                    
448                   (13, 27)              (24, 32)              2                     1                     12                    
448                   (13, 27)              (24, 32)              2                     2                     10                    
449                   (13, 27)              (24, 33)              1                     1                     12                    
449                   (13, 27)              (24, 33)              1                     2                     11                    
449                   (13, 27)              (24, 33)              2                     1                     12                    
449                   (13, 27)              (24, 33)              2                     2                     10                    
450                   (13, 27)              (24, 34)              1                     1                     12                    
450                   (13, 27)              (24, 34)              1                     2                     11                    
450                   (13, 27)              (24, 34)              2                     1                     12                    
450                   (13, 27)              (24, 34)              2                     2                     10                    
451                   (13, 28)              (20, 30)              1                     1                     8                     
451                   (13, 28)              (20, 30)              1                     2                     7                     
451                   (13, 28)              (20, 30)              2                     1                     8                     
451                   (13, 28)              (20, 30)              2                     2                     6                     
452                   (13, 28)              (20, 31)              1                     1                     8                     
452                   (13, 28)              (20, 31)              1                     2                     7                     
452                   (13, 28)              (20, 31)              2                     1                     8                     
452                   (13, 28)              (20, 31)              2                     2                     6                     
453                   (13, 28)              (20, 32)              1                     1                     8                     
453                   (13, 28)              (20, 32)              1                     2                     7                     
453                   (13, 28)              (20, 32)              2                     1                     8                     
453                   (13, 28)              (20, 32)              2                     2                     6                     
454                   (13, 28)              (20, 33)              1                     1                     8                     
454                   (13, 28)              (20, 33)              1                     2                     7                     
454                   (13, 28)              (20, 33)              2                     1                     8                     
454                   (13, 28)              (20, 33)              2                     2                     6                     
455                   (13, 28)              (20, 34)              1                     1                     8                     
455                   (13, 28)              (20, 34)              1                     2                     7                     
455                   (13, 28)              (20, 34)              2                     1                     8                     
455                   (13, 28)              (20, 34)              2                     2                     6                     
456                   (13, 28)              (21, 30)              1                     1                     9                     
456                   (13, 28)              (21, 30)              1                     2                     8                     
456                   (13, 28)              (21, 30)              2                     1                     9                     
456                   (13, 28)              (21, 30)              2                     2                     7                     
457                   (13, 28)              (21, 31)              1                     1                     9                     
457                   (13, 28)              (21, 31)              1                     2                     8                     
457                   (13, 28)              (21, 31)              2                     1                     9                     
457                   (13, 28)              (21, 31)              2                     2                     7                     
458                   (13, 28)              (21, 32)              1                     1                     9                     
458                   (13, 28)              (21, 32)              1                     2                     8                     
458                   (13, 28)              (21, 32)              2                     1                     9                     
458                   (13, 28)              (21, 32)              2                     2                     7                     
459                   (13, 28)              (21, 33)              1                     1                     9                     
459                   (13, 28)              (21, 33)              1                     2                     8                     
459                   (13, 28)              (21, 33)              2                     1                     9                     
459                   (13, 28)              (21, 33)              2                     2                     7                     
460                   (13, 28)              (21, 34)              1                     1                     9                     
460                   (13, 28)              (21, 34)              1                     2                     8                     
460                   (13, 28)              (21, 34)              2                     1                     9                     
460                   (13, 28)              (21, 34)              2                     2                     7                     
461                   (13, 28)              (22, 30)              1                     1                     10                    
461                   (13, 28)              (22, 30)              1                     2                     9                     
461                   (13, 28)              (22, 30)              2                     1                     10                    
461                   (13, 28)              (22, 30)              2                     2                     8                     
462                   (13, 28)              (22, 31)              1                     1                     10                    
462                   (13, 28)              (22, 31)              1                     2                     9                     
462                   (13, 28)              (22, 31)              2                     1                     10                    
462                   (13, 28)              (22, 31)              2                     2                     8                     
463                   (13, 28)              (22, 32)              1                     1                     10                    
463                   (13, 28)              (22, 32)              1                     2                     9                     
463                   (13, 28)              (22, 32)              2                     1                     10                    
463                   (13, 28)              (22, 32)              2                     2                     8                     
464                   (13, 28)              (22, 33)              1                     1                     10                    
464                   (13, 28)              (22, 33)              1                     2                     9                     
464                   (13, 28)              (22, 33)              2                     1                     10                    
464                   (13, 28)              (22, 33)              2                     2                     8                     
465                   (13, 28)              (22, 34)              1                     1                     10                    
465                   (13, 28)              (22, 34)              1                     2                     9                     
465                   (13, 28)              (22, 34)              2                     1                     10                    
465                   (13, 28)              (22, 34)              2                     2                     8                     
466                   (13, 28)              (23, 30)              1                     1                     11                    
466                   (13, 28)              (23, 30)              1                     2                     10                    
466                   (13, 28)              (23, 30)              2                     1                     11                    
466                   (13, 28)              (23, 30)              2                     2                     9                     
467                   (13, 28)              (23, 31)              1                     1                     11                    
467                   (13, 28)              (23, 31)              1                     2                     10                    
467                   (13, 28)              (23, 31)              2                     1                     11                    
467                   (13, 28)              (23, 31)              2                     2                     9                     
468                   (13, 28)              (23, 32)              1                     1                     11                    
468                   (13, 28)              (23, 32)              1                     2                     10                    
468                   (13, 28)              (23, 32)              2                     1                     11                    
468                   (13, 28)              (23, 32)              2                     2                     9                     
469                   (13, 28)              (23, 33)              1                     1                     11                    
469                   (13, 28)              (23, 33)              1                     2                     10                    
469                   (13, 28)              (23, 33)              2                     1                     11                    
469                   (13, 28)              (23, 33)              2                     2                     9                     
470                   (13, 28)              (23, 34)              1                     1                     11                    
470                   (13, 28)              (23, 34)              1                     2                     10                    
470                   (13, 28)              (23, 34)              2                     1                     11                    
470                   (13, 28)              (23, 34)              2                     2                     9                     
471                   (13, 28)              (24, 30)              1                     1                     12                    
471                   (13, 28)              (24, 30)              1                     2                     11                    
471                   (13, 28)              (24, 30)              2                     1                     12                    
471                   (13, 28)              (24, 30)              2                     2                     10                    
472                   (13, 28)              (24, 31)              1                     1                     12                    
472                   (13, 28)              (24, 31)              1                     2                     11                    
472                   (13, 28)              (24, 31)              2                     1                     12                    
472                   (13, 28)              (24, 31)              2                     2                     10                    
473                   (13, 28)              (24, 32)              1                     1                     12                    
473                   (13, 28)              (24, 32)              1                     2                     11                    
473                   (13, 28)              (24, 32)              2                     1                     12                    
473                   (13, 28)              (24, 32)              2                     2                     10                    
474                   (13, 28)              (24, 33)              1                     1                     12                    
474                   (13, 28)              (24, 33)              1                     2                     11                    
474                   (13, 28)              (24, 33)              2                     1                     12                    
474                   (13, 28)              (24, 33)              2                     2                     10                    
475                   (13, 28)              (24, 34)              1                     1                     12                    
475                   (13, 28)              (24, 34)              1                     2                     11                    
475                   (13, 28)              (24, 34)              2                     1                     12                    
475                   (13, 28)              (24, 34)              2                     2                     10                    
476                   (13, 29)              (20, 30)              1                     1                     8                     
476                   (13, 29)              (20, 30)              1                     2                     7                     
476                   (13, 29)              (20, 30)              2                     1                     8                     
476                   (13, 29)              (20, 30)              2                     2                     6                     
477                   (13, 29)              (20, 31)              1                     1                     8                     
477                   (13, 29)              (20, 31)              1                     2                     7                     
477                   (13, 29)              (20, 31)              2                     1                     8                     
477                   (13, 29)              (20, 31)              2                     2                     6                     
478                   (13, 29)              (20, 32)              1                     1                     8                     
478                   (13, 29)              (20, 32)              1                     2                     7                     
478                   (13, 29)              (20, 32)              2                     1                     8                     
478                   (13, 29)              (20, 32)              2                     2                     6                     
479                   (13, 29)              (20, 33)              1                     1                     8                     
479                   (13, 29)              (20, 33)              1                     2                     7                     
479                   (13, 29)              (20, 33)              2                     1                     8                     
479                   (13, 29)              (20, 33)              2                     2                     6                     
480                   (13, 29)              (20, 34)              1                     1                     8                     
480                   (13, 29)              (20, 34)              1                     2                     7                     
480                   (13, 29)              (20, 34)              2                     1                     8                     
480                   (13, 29)              (20, 34)              2                     2                     6                     
481                   (13, 29)              (21, 30)              1                     1                     9                     
481                   (13, 29)              (21, 30)              1                     2                     8                     
481                   (13, 29)              (21, 30)              2                     1                     9                     
481                   (13, 29)              (21, 30)              2                     2                     7                     
482                   (13, 29)              (21, 31)              1                     1                     9                     
482                   (13, 29)              (21, 31)              1                     2                     8                     
482                   (13, 29)              (21, 31)              2                     1                     9                     
482                   (13, 29)              (21, 31)              2                     2                     7                     
483                   (13, 29)              (21, 32)              1                     1                     9                     
483                   (13, 29)              (21, 32)              1                     2                     8                     
483                   (13, 29)              (21, 32)              2                     1                     9                     
483                   (13, 29)              (21, 32)              2                     2                     7                     
484                   (13, 29)              (21, 33)              1                     1                     9                     
484                   (13, 29)              (21, 33)              1                     2                     8                     
484                   (13, 29)              (21, 33)              2                     1                     9                     
484                   (13, 29)              (21, 33)              2                     2                     7                     
485                   (13, 29)              (21, 34)              1                     1                     9                     
485                   (13, 29)              (21, 34)              1                     2                     8                     
485                   (13, 29)              (21, 34)              2                     1                     9                     
485                   (13, 29)              (21, 34)              2                     2                     7                     
486                   (13, 29)              (22, 30)              1                     1                     10                    
486                   (13, 29)              (22, 30)              1                     2                     9                     
486                   (13, 29)              (22, 30)              2                     1                     10                    
486                   (13, 29)              (22, 30)              2                     2                     8                     
487                   (13, 29)              (22, 31)              1                     1                     10                    
487                   (13, 29)              (22, 31)              1                     2                     9                     
487                   (13, 29)              (22, 31)              2                     1                     10                    
487                   (13, 29)              (22, 31)              2                     2                     8                     
488                   (13, 29)              (22, 32)              1                     1                     10                    
488                   (13, 29)              (22, 32)              1                     2                     9                     
488                   (13, 29)              (22, 32)              2                     1                     10                    
488                   (13, 29)              (22, 32)              2                     2                     8                     
489                   (13, 29)              (22, 33)              1                     1                     10                    
489                   (13, 29)              (22, 33)              1                     2                     9                     
489                   (13, 29)              (22, 33)              2                     1                     10                    
489                   (13, 29)              (22, 33)              2                     2                     8                     
490                   (13, 29)              (22, 34)              1                     1                     10                    
490                   (13, 29)              (22, 34)              1                     2                     9                     
490                   (13, 29)              (22, 34)              2                     1                     10                    
490                   (13, 29)              (22, 34)              2                     2                     8                     
491                   (13, 29)              (23, 30)              1                     1                     11                    
491                   (13, 29)              (23, 30)              1                     2                     10                    
491                   (13, 29)              (23, 30)              2                     1                     11                    
491                   (13, 29)              (23, 30)              2                     2                     9                     
492                   (13, 29)              (23, 31)              1                     1                     11                    
492                   (13, 29)              (23, 31)              1                     2                     10                    
492                   (13, 29)              (23, 31)              2                     1                     11                    
492                   (13, 29)              (23, 31)              2                     2                     9                     
493                   (13, 29)              (23, 32)              1                     1                     11                    
493                   (13, 29)              (23, 32)              1                     2                     10                    
493                   (13, 29)              (23, 32)              2                     1                     11                    
493                   (13, 29)              (23, 32)              2                     2                     9                     
494                   (13, 29)              (23, 33)              1                     1                     11                    
494                   (13, 29)              (23, 33)              1                     2                     10                    
494                   (13, 29)              (23, 33)              2                     1                     11                    
494                   (13, 29)              (23, 33)              2                     2                     9                     
495                   (13, 29)              (23, 34)              1                     1                     11                    
495                   (13, 29)              (23, 34)              1                     2                     10                    
495                   (13, 29)              (23, 34)              2                     1                     11                    
495                   (13, 29)              (23, 34)              2                     2                     9                     
496                   (13, 29)              (24, 30)              1                     1                     12                    
496                   (13, 29)              (24, 30)              1                     2                     11                    
496                   (13, 29)              (24, 30)              2                     1                     12                    
496                   (13, 29)              (24, 30)              2                     2                     10                    
497                   (13, 29)              (24, 31)              1                     1                     12                    
497                   (13, 29)              (24, 31)              1                     2                     11                    
497                   (13, 29)              (24, 31)              2                     1                     12                    
497                   (13, 29)              (24, 31)              2                     2                     10                    
498                   (13, 29)              (24, 32)              1                     1                     12                    
498                   (13, 29)              (24, 32)              1                     2                     11                    
498                   (13, 29)              (24, 32)              2                     1                     12                    
498                   (13, 29)              (24, 32)              2                     2                     10                    
499                   (13, 29)              (24, 33)              1                     1                     12                    
499                   (13, 29)              (24, 33)              1                     2                     11                    
499                   (13, 29)              (24, 33)              2                     1                     12                    
499                   (13, 29)              (24, 33)              2                     2                     10                    
500                   (13, 29)              (24, 34)              1                     1                     12                    
500                   (13, 29)              (24, 34)              1                     2                     11                    
500                   (13, 29)              (24, 34)              2                     1                     12                    
500                   (13, 29)              (24, 34)              2                     2                     10                    
501                   (14, 25)              (20, 30)              1                     1                     7                     
501                   (14, 25)              (20, 30)              1                     2                     6                     
501                   (14, 25)              (20, 30)              2                     1                     7                     
501                   (14, 25)              (20, 30)              2                     2                     5                     
502                   (14, 25)              (20, 31)              1                     1                     7                     
502                   (14, 25)              (20, 31)              1                     2                     6                     
502                   (14, 25)              (20, 31)              2                     1                     7                     
502                   (14, 25)              (20, 31)              2                     2                     5                     
503                   (14, 25)              (20, 32)              1                     1                     8                     
503                   (14, 25)              (20, 32)              1                     2                     7                     
503                   (14, 25)              (20, 32)              2                     1                     8                     
503                   (14, 25)              (20, 32)              2                     2                     6                     
504                   (14, 25)              (20, 33)              1                     1                     9                     
504                   (14, 25)              (20, 33)              1                     2                     8                     
504                   (14, 25)              (20, 33)              2                     1                     9                     
504                   (14, 25)              (20, 33)              2                     2                     7                     
505                   (14, 25)              (20, 34)              1                     1                     10                    
505                   (14, 25)              (20, 34)              1                     2                     9                     
505                   (14, 25)              (20, 34)              2                     1                     10                    
505                   (14, 25)              (20, 34)              2                     2                     8                     
506                   (14, 25)              (21, 30)              1                     1                     8                     
506                   (14, 25)              (21, 30)              1                     2                     7                     
506                   (14, 25)              (21, 30)              2                     1                     8                     
506                   (14, 25)              (21, 30)              2                     2                     6                     
507                   (14, 25)              (21, 31)              1                     1                     8                     
507                   (14, 25)              (21, 31)              1                     2                     7                     
507                   (14, 25)              (21, 31)              2                     1                     8                     
507                   (14, 25)              (21, 31)              2                     2                     6                     
508                   (14, 25)              (21, 32)              1                     1                     8                     
508                   (14, 25)              (21, 32)              1                     2                     7                     
508                   (14, 25)              (21, 32)              2                     1                     8                     
508                   (14, 25)              (21, 32)              2                     2                     6                     
509                   (14, 25)              (21, 33)              1                     1                     9                     
509                   (14, 25)              (21, 33)              1                     2                     8                     
509                   (14, 25)              (21, 33)              2                     1                     9                     
509                   (14, 25)              (21, 33)              2                     2                     7                     
510                   (14, 25)              (21, 34)              1                     1                     10                    
510                   (14, 25)              (21, 34)              1                     2                     9                     
510                   (14, 25)              (21, 34)              2                     1                     10                    
510                   (14, 25)              (21, 34)              2                     2                     8                     
511                   (14, 25)              (22, 30)              1                     1                     9                     
511                   (14, 25)              (22, 30)              1                     2                     8                     
511                   (14, 25)              (22, 30)              2                     1                     9                     
511                   (14, 25)              (22, 30)              2                     2                     7                     
512                   (14, 25)              (22, 31)              1                     1                     9                     
512                   (14, 25)              (22, 31)              1                     2                     8                     
512                   (14, 25)              (22, 31)              2                     1                     9                     
512                   (14, 25)              (22, 31)              2                     2                     7                     
513                   (14, 25)              (22, 32)              1                     1                     9                     
513                   (14, 25)              (22, 32)              1                     2                     8                     
513                   (14, 25)              (22, 32)              2                     1                     9                     
513                   (14, 25)              (22, 32)              2                     2                     7                     
514                   (14, 25)              (22, 33)              1                     1                     9                     
514                   (14, 25)              (22, 33)              1                     2                     8                     
514                   (14, 25)              (22, 33)              2                     1                     9                     
514                   (14, 25)              (22, 33)              2                     2                     7                     
515                   (14, 25)              (22, 34)              1                     1                     10                    
515                   (14, 25)              (22, 34)              1                     2                     9                     
515                   (14, 25)              (22, 34)              2                     1                     10                    
515                   (14, 25)              (22, 34)              2                     2                     8                     
516                   (14, 25)              (23, 30)              1                     1                     10                    
516                   (14, 25)              (23, 30)              1                     2                     9                     
516                   (14, 25)              (23, 30)              2                     1                     10                    
516                   (14, 25)              (23, 30)              2                     2                     8                     
517                   (14, 25)              (23, 31)              1                     1                     10                    
517                   (14, 25)              (23, 31)              1                     2                     9                     
517                   (14, 25)              (23, 31)              2                     1                     10                    
517                   (14, 25)              (23, 31)              2                     2                     8                     
518                   (14, 25)              (23, 32)              1                     1                     10                    
518                   (14, 25)              (23, 32)              1                     2                     9                     
518                   (14, 25)              (23, 32)              2                     1                     10                    
518                   (14, 25)              (23, 32)              2                     2                     8                     
519                   (14, 25)              (23, 33)              1                     1                     10                    
519                   (14, 25)              (23, 33)              1                     2                     9                     
519                   (14, 25)              (23, 33)              2                     1                     10                    
519                   (14, 25)              (23, 33)              2                     2                     8                     
520                   (14, 25)              (23, 34)              1                     1                     10                    
520                   (14, 25)              (23, 34)              1                     2                     9                     
520                   (14, 25)              (23, 34)              2                     1                     10                    
520                   (14, 25)              (23, 34)              2                     2                     8                     
521                   (14, 25)              (24, 30)              1                     1                     11                    
521                   (14, 25)              (24, 30)              1                     2                     10                    
521                   (14, 25)              (24, 30)              2                     1                     11                    
521                   (14, 25)              (24, 30)              2                     2                     9                     
522                   (14, 25)              (24, 31)              1                     1                     11                    
522                   (14, 25)              (24, 31)              1                     2                     10                    
522                   (14, 25)              (24, 31)              2                     1                     11                    
522                   (14, 25)              (24, 31)              2                     2                     9                     
523                   (14, 25)              (24, 32)              1                     1                     11                    
523                   (14, 25)              (24, 32)              1                     2                     10                    
523                   (14, 25)              (24, 32)              2                     1                     11                    
523                   (14, 25)              (24, 32)              2                     2                     9                     
524                   (14, 25)              (24, 33)              1                     1                     11                    
524                   (14, 25)              (24, 33)              1                     2                     10                    
524                   (14, 25)              (24, 33)              2                     1                     11                    
524                   (14, 25)              (24, 33)              2                     2                     9                     
525                   (14, 25)              (24, 34)              1                     1                     11                    
525                   (14, 25)              (24, 34)              1                     2                     10                    
525                   (14, 25)              (24, 34)              2                     1                     11                    
525                   (14, 25)              (24, 34)              2                     2                     9                     
526                   (14, 26)              (20, 30)              1                     1                     7                     
526                   (14, 26)              (20, 30)              1                     2                     6                     
526                   (14, 26)              (20, 30)              2                     1                     7                     
526                   (14, 26)              (20, 30)              2                     2                     5                     
527                   (14, 26)              (20, 31)              1                     1                     7                     
527                   (14, 26)              (20, 31)              1                     2                     6                     
527                   (14, 26)              (20, 31)              2                     1                     7                     
527                   (14, 26)              (20, 31)              2                     2                     5                     
528                   (14, 26)              (20, 32)              1                     1                     7                     
528                   (14, 26)              (20, 32)              1                     2                     6                     
528                   (14, 26)              (20, 32)              2                     1                     7                     
528                   (14, 26)              (20, 32)              2                     2                     5                     
529                   (14, 26)              (20, 33)              1                     1                     8                     
529                   (14, 26)              (20, 33)              1                     2                     7                     
529                   (14, 26)              (20, 33)              2                     1                     8                     
529                   (14, 26)              (20, 33)              2                     2                     6                     
530                   (14, 26)              (20, 34)              1                     1                     9                     
530                   (14, 26)              (20, 34)              1                     2                     8                     
530                   (14, 26)              (20, 34)              2                     1                     9                     
530                   (14, 26)              (20, 34)              2                     2                     7                     
531                   (14, 26)              (21, 30)              1                     1                     8                     
531                   (14, 26)              (21, 30)              1                     2                     7                     
531                   (14, 26)              (21, 30)              2                     1                     8                     
531                   (14, 26)              (21, 30)              2                     2                     6                     
532                   (14, 26)              (21, 31)              1                     1                     8                     
532                   (14, 26)              (21, 31)              1                     2                     7                     
532                   (14, 26)              (21, 31)              2                     1                     8                     
532                   (14, 26)              (21, 31)              2                     2                     6                     
533                   (14, 26)              (21, 32)              1                     1                     8                     
533                   (14, 26)              (21, 32)              1                     2                     7                     
533                   (14, 26)              (21, 32)              2                     1                     8                     
533                   (14, 26)              (21, 32)              2                     2                     6                     
534                   (14, 26)              (21, 33)              1                     1                     8                     
534                   (14, 26)              (21, 33)              1                     2                     7                     
534                   (14, 26)              (21, 33)              2                     1                     8                     
534                   (14, 26)              (21, 33)              2                     2                     6                     
535                   (14, 26)              (21, 34)              1                     1                     9                     
535                   (14, 26)              (21, 34)              1                     2                     8                     
535                   (14, 26)              (21, 34)              2                     1                     9                     
535                   (14, 26)              (21, 34)              2                     2                     7                     
536                   (14, 26)              (22, 30)              1                     1                     9                     
536                   (14, 26)              (22, 30)              1                     2                     8                     
536                   (14, 26)              (22, 30)              2                     1                     9                     
536                   (14, 26)              (22, 30)              2                     2                     7                     
537                   (14, 26)              (22, 31)              1                     1                     9                     
537                   (14, 26)              (22, 31)              1                     2                     8                     
537                   (14, 26)              (22, 31)              2                     1                     9                     
537                   (14, 26)              (22, 31)              2                     2                     7                     
538                   (14, 26)              (22, 32)              1                     1                     9                     
538                   (14, 26)              (22, 32)              1                     2                     8                     
538                   (14, 26)              (22, 32)              2                     1                     9                     
538                   (14, 26)              (22, 32)              2                     2                     7                     
539                   (14, 26)              (22, 33)              1                     1                     9                     
539                   (14, 26)              (22, 33)              1                     2                     8                     
539                   (14, 26)              (22, 33)              2                     1                     9                     
539                   (14, 26)              (22, 33)              2                     2                     7                     
540                   (14, 26)              (22, 34)              1                     1                     9                     
540                   (14, 26)              (22, 34)              1                     2                     8                     
540                   (14, 26)              (22, 34)              2                     1                     9                     
540                   (14, 26)              (22, 34)              2                     2                     7                     
541                   (14, 26)              (23, 30)              1                     1                     10                    
541                   (14, 26)              (23, 30)              1                     2                     9                     
541                   (14, 26)              (23, 30)              2                     1                     10                    
541                   (14, 26)              (23, 30)              2                     2                     8                     
542                   (14, 26)              (23, 31)              1                     1                     10                    
542                   (14, 26)              (23, 31)              1                     2                     9                     
542                   (14, 26)              (23, 31)              2                     1                     10                    
542                   (14, 26)              (23, 31)              2                     2                     8                     
543                   (14, 26)              (23, 32)              1                     1                     10                    
543                   (14, 26)              (23, 32)              1                     2                     9                     
543                   (14, 26)              (23, 32)              2                     1                     10                    
543                   (14, 26)              (23, 32)              2                     2                     8                     
544                   (14, 26)              (23, 33)              1                     1                     10                    
544                   (14, 26)              (23, 33)              1                     2                     9                     
544                   (14, 26)              (23, 33)              2                     1                     10                    
544                   (14, 26)              (23, 33)              2                     2                     8                     
545                   (14, 26)              (23, 34)              1                     1                     10                    
545                   (14, 26)              (23, 34)              1                     2                     9                     
545                   (14, 26)              (23, 34)              2                     1                     10                    
545                   (14, 26)              (23, 34)              2                     2                     8                     
546                   (14, 26)              (24, 30)              1                     1                     11                    
546                   (14, 26)              (24, 30)              1                     2                     10                    
546                   (14, 26)              (24, 30)              2                     1                     11                    
546                   (14, 26)              (24, 30)              2                     2                     9                     
547                   (14, 26)              (24, 31)              1                     1                     11                    
547                   (14, 26)              (24, 31)              1                     2                     10                    
547                   (14, 26)              (24, 31)              2                     1                     11                    
547                   (14, 26)              (24, 31)              2                     2                     9                     
548                   (14, 26)              (24, 32)              1                     1                     11                    
548                   (14, 26)              (24, 32)              1                     2                     10                    
548                   (14, 26)              (24, 32)              2                     1                     11                    
548                   (14, 26)              (24, 32)              2                     2                     9                     
549                   (14, 26)              (24, 33)              1                     1                     11                    
549                   (14, 26)              (24, 33)              1                     2                     10                    
549                   (14, 26)              (24, 33)              2                     1                     11                    
549                   (14, 26)              (24, 33)              2                     2                     9                     
550                   (14, 26)              (24, 34)              1                     1                     11                    
550                   (14, 26)              (24, 34)              1                     2                     10                    
550                   (14, 26)              (24, 34)              2                     1                     11                    
550                   (14, 26)              (24, 34)              2                     2                     9                     
551                   (14, 27)              (20, 30)              1                     1                     7                     
551                   (14, 27)              (20, 30)              1                     2                     6                     
551                   (14, 27)              (20, 30)              2                     1                     7                     
551                   (14, 27)              (20, 30)              2                     2                     5                     
552                   (14, 27)              (20, 31)              1                     1                     7                     
552                   (14, 27)              (20, 31)              1                     2                     6                     
552                   (14, 27)              (20, 31)              2                     1                     7                     
552                   (14, 27)              (20, 31)              2                     2                     5                     
553                   (14, 27)              (20, 32)              1                     1                     7                     
553                   (14, 27)              (20, 32)              1                     2                     6                     
553                   (14, 27)              (20, 32)              2                     1                     7                     
553                   (14, 27)              (20, 32)              2                     2                     5                     
554                   (14, 27)              (20, 33)              1                     1                     7                     
554                   (14, 27)              (20, 33)              1                     2                     6                     
554                   (14, 27)              (20, 33)              2                     1                     7                     
554                   (14, 27)              (20, 33)              2                     2                     5                     
555                   (14, 27)              (20, 34)              1                     1                     8                     
555                   (14, 27)              (20, 34)              1                     2                     7                     
555                   (14, 27)              (20, 34)              2                     1                     8                     
555                   (14, 27)              (20, 34)              2                     2                     6                     
556                   (14, 27)              (21, 30)              1                     1                     8                     
556                   (14, 27)              (21, 30)              1                     2                     7                     
556                   (14, 27)              (21, 30)              2                     1                     8                     
556                   (14, 27)              (21, 30)              2                     2                     6                     
557                   (14, 27)              (21, 31)              1                     1                     8                     
557                   (14, 27)              (21, 31)              1                     2                     7                     
557                   (14, 27)              (21, 31)              2                     1                     8                     
557                   (14, 27)              (21, 31)              2                     2                     6                     
558                   (14, 27)              (21, 32)              1                     1                     8                     
558                   (14, 27)              (21, 32)              1                     2                     7                     
558                   (14, 27)              (21, 32)              2                     1                     8                     
558                   (14, 27)              (21, 32)              2                     2                     6                     
559                   (14, 27)              (21, 33)              1                     1                     8                     
559                   (14, 27)              (21, 33)              1                     2                     7                     
559                   (14, 27)              (21, 33)              2                     1                     8                     
559                   (14, 27)              (21, 33)              2                     2                     6                     
560                   (14, 27)              (21, 34)              1                     1                     8                     
560                   (14, 27)              (21, 34)              1                     2                     7                     
560                   (14, 27)              (21, 34)              2                     1                     8                     
560                   (14, 27)              (21, 34)              2                     2                     6                     
561                   (14, 27)              (22, 30)              1                     1                     9                     
561                   (14, 27)              (22, 30)              1                     2                     8                     
561                   (14, 27)              (22, 30)              2                     1                     9                     
561                   (14, 27)              (22, 30)              2                     2                     7                     
562                   (14, 27)              (22, 31)              1                     1                     9                     
562                   (14, 27)              (22, 31)              1                     2                     8                     
562                   (14, 27)              (22, 31)              2                     1                     9                     
562                   (14, 27)              (22, 31)              2                     2                     7                     
563                   (14, 27)              (22, 32)              1                     1                     9                     
563                   (14, 27)              (22, 32)              1                     2                     8                     
563                   (14, 27)              (22, 32)              2                     1                     9                     
563                   (14, 27)              (22, 32)              2                     2                     7                     
564                   (14, 27)              (22, 33)              1                     1                     9                     
564                   (14, 27)              (22, 33)              1                     2                     8                     
564                   (14, 27)              (22, 33)              2                     1                     9                     
564                   (14, 27)              (22, 33)              2                     2                     7                     
565                   (14, 27)              (22, 34)              1                     1                     9                     
565                   (14, 27)              (22, 34)              1                     2                     8                     
565                   (14, 27)              (22, 34)              2                     1                     9                     
565                   (14, 27)              (22, 34)              2                     2                     7                     
566                   (14, 27)              (23, 30)              1                     1                     10                    
566                   (14, 27)              (23, 30)              1                     2                     9                     
566                   (14, 27)              (23, 30)              2                     1                     10                    
566                   (14, 27)              (23, 30)              2                     2                     8                     
567                   (14, 27)              (23, 31)              1                     1                     10                    
567                   (14, 27)              (23, 31)              1                     2                     9                     
567                   (14, 27)              (23, 31)              2                     1                     10                    
567                   (14, 27)              (23, 31)              2                     2                     8                     
568                   (14, 27)              (23, 32)              1                     1                     10                    
568                   (14, 27)              (23, 32)              1                     2                     9                     
568                   (14, 27)              (23, 32)              2                     1                     10                    
568                   (14, 27)              (23, 32)              2                     2                     8                     
569                   (14, 27)              (23, 33)              1                     1                     10                    
569                   (14, 27)              (23, 33)              1                     2                     9                     
569                   (14, 27)              (23, 33)              2                     1                     10                    
569                   (14, 27)              (23, 33)              2                     2                     8                     
570                   (14, 27)              (23, 34)              1                     1                     10                    
570                   (14, 27)              (23, 34)              1                     2                     9                     
570                   (14, 27)              (23, 34)              2                     1                     10                    
570                   (14, 27)              (23, 34)              2                     2                     8                     
571                   (14, 27)              (24, 30)              1                     1                     11                    
571                   (14, 27)              (24, 30)              1                     2                     10                    
571                   (14, 27)              (24, 30)              2                     1                     11                    
571                   (14, 27)              (24, 30)              2                     2                     9                     
572                   (14, 27)              (24, 31)              1                     1                     11                    
572                   (14, 27)              (24, 31)              1                     2                     10                    
572                   (14, 27)              (24, 31)              2                     1                     11                    
572                   (14, 27)              (24, 31)              2                     2                     9                     
573                   (14, 27)              (24, 32)              1                     1                     11                    
573                   (14, 27)              (24, 32)              1                     2                     10                    
573                   (14, 27)              (24, 32)              2                     1                     11                    
573                   (14, 27)              (24, 32)              2                     2                     9                     
574                   (14, 27)              (24, 33)              1                     1                     11                    
574                   (14, 27)              (24, 33)              1                     2                     10                    
574                   (14, 27)              (24, 33)              2                     1                     11                    
574                   (14, 27)              (24, 33)              2                     2                     9                     
575                   (14, 27)              (24, 34)              1                     1                     11                    
575                   (14, 27)              (24, 34)              1                     2                     10                    
575                   (14, 27)              (24, 34)              2                     1                     11                    
575                   (14, 27)              (24, 34)              2                     2                     9                     
576                   (14, 28)              (20, 30)              1                     1                     7                     
576                   (14, 28)              (20, 30)              1                     2                     6                     
576                   (14, 28)              (20, 30)              2                     1                     7                     
576                   (14, 28)              (20, 30)              2                     2                     5                     
577                   (14, 28)              (20, 31)              1                     1                     7                     
577                   (14, 28)              (20, 31)              1                     2                     6                     
577                   (14, 28)              (20, 31)              2                     1                     7                     
577                   (14, 28)              (20, 31)              2                     2                     5                     
578                   (14, 28)              (20, 32)              1                     1                     7                     
578                   (14, 28)              (20, 32)              1                     2                     6                     
578                   (14, 28)              (20, 32)              2                     1                     7                     
578                   (14, 28)              (20, 32)              2                     2                     5                     
579                   (14, 28)              (20, 33)              1                     1                     7                     
579                   (14, 28)              (20, 33)              1                     2                     6                     
579                   (14, 28)              (20, 33)              2                     1                     7                     
579                   (14, 28)              (20, 33)              2                     2                     5                     
580                   (14, 28)              (20, 34)              1                     1                     7                     
580                   (14, 28)              (20, 34)              1                     2                     6                     
580                   (14, 28)              (20, 34)              2                     1                     7                     
580                   (14, 28)              (20, 34)              2                     2                     5                     
581                   (14, 28)              (21, 30)              1                     1                     8                     
581                   (14, 28)              (21, 30)              1                     2                     7                     
581                   (14, 28)              (21, 30)              2                     1                     8                     
581                   (14, 28)              (21, 30)              2                     2                     6                     
582                   (14, 28)              (21, 31)              1                     1                     8                     
582                   (14, 28)              (21, 31)              1                     2                     7                     
582                   (14, 28)              (21, 31)              2                     1                     8                     
582                   (14, 28)              (21, 31)              2                     2                     6                     
583                   (14, 28)              (21, 32)              1                     1                     8                     
583                   (14, 28)              (21, 32)              1                     2                     7                     
583                   (14, 28)              (21, 32)              2                     1                     8                     
583                   (14, 28)              (21, 32)              2                     2                     6                     
584                   (14, 28)              (21, 33)              1                     1                     8                     
584                   (14, 28)              (21, 33)              1                     2                     7                     
584                   (14, 28)              (21, 33)              2                     1                     8                     
584                   (14, 28)              (21, 33)              2                     2                     6                     
585                   (14, 28)              (21, 34)              1                     1                     8                     
585                   (14, 28)              (21, 34)              1                     2                     7                     
585                   (14, 28)              (21, 34)              2                     1                     8                     
585                   (14, 28)              (21, 34)              2                     2                     6                     
586                   (14, 28)              (22, 30)              1                     1                     9                     
586                   (14, 28)              (22, 30)              1                     2                     8                     
586                   (14, 28)              (22, 30)              2                     1                     9                     
586                   (14, 28)              (22, 30)              2                     2                     7                     
587                   (14, 28)              (22, 31)              1                     1                     9                     
587                   (14, 28)              (22, 31)              1                     2                     8                     
587                   (14, 28)              (22, 31)              2                     1                     9                     
587                   (14, 28)              (22, 31)              2                     2                     7                     
588                   (14, 28)              (22, 32)              1                     1                     9                     
588                   (14, 28)              (22, 32)              1                     2                     8                     
588                   (14, 28)              (22, 32)              2                     1                     9                     
588                   (14, 28)              (22, 32)              2                     2                     7                     
589                   (14, 28)              (22, 33)              1                     1                     9                     
589                   (14, 28)              (22, 33)              1                     2                     8                     
589                   (14, 28)              (22, 33)              2                     1                     9                     
589                   (14, 28)              (22, 33)              2                     2                     7                     
590                   (14, 28)              (22, 34)              1                     1                     9                     
590                   (14, 28)              (22, 34)              1                     2                     8                     
590                   (14, 28)              (22, 34)              2                     1                     9                     
590                   (14, 28)              (22, 34)              2                     2                     7                     
591                   (14, 28)              (23, 30)              1                     1                     10                    
591                   (14, 28)              (23, 30)              1                     2                     9                     
591                   (14, 28)              (23, 30)              2                     1                     10                    
591                   (14, 28)              (23, 30)              2                     2                     8                     
592                   (14, 28)              (23, 31)              1                     1                     10                    
592                   (14, 28)              (23, 31)              1                     2                     9                     
592                   (14, 28)              (23, 31)              2                     1                     10                    
592                   (14, 28)              (23, 31)              2                     2                     8                     
593                   (14, 28)              (23, 32)              1                     1                     10                    
593                   (14, 28)              (23, 32)              1                     2                     9                     
593                   (14, 28)              (23, 32)              2                     1                     10                    
593                   (14, 28)              (23, 32)              2                     2                     8                     
594                   (14, 28)              (23, 33)              1                     1                     10                    
594                   (14, 28)              (23, 33)              1                     2                     9                     
594                   (14, 28)              (23, 33)              2                     1                     10                    
594                   (14, 28)              (23, 33)              2                     2                     8                     
595                   (14, 28)              (23, 34)              1                     1                     10                    
595                   (14, 28)              (23, 34)              1                     2                     9                     
595                   (14, 28)              (23, 34)              2                     1                     10                    
595                   (14, 28)              (23, 34)              2                     2                     8                     
596                   (14, 28)              (24, 30)              1                     1                     11                    
596                   (14, 28)              (24, 30)              1                     2                     10                    
596                   (14, 28)              (24, 30)              2                     1                     11                    
596                   (14, 28)              (24, 30)              2                     2                     9                     
597                   (14, 28)              (24, 31)              1                     1                     11                    
597                   (14, 28)              (24, 31)              1                     2                     10                    
597                   (14, 28)              (24, 31)              2                     1                     11                    
597                   (14, 28)              (24, 31)              2                     2                     9                     
598                   (14, 28)              (24, 32)              1                     1                     11                    
598                   (14, 28)              (24, 32)              1                     2                     10                    
598                   (14, 28)              (24, 32)              2                     1                     11                    
598                   (14, 28)              (24, 32)              2                     2                     9                     
599                   (14, 28)              (24, 33)              1                     1                     11                    
599                   (14, 28)              (24, 33)              1                     2                     10                    
599                   (14, 28)              (24, 33)              2                     1                     11                    
599                   (14, 28)              (24, 33)              2                     2                     9                     
600                   (14, 28)              (24, 34)              1                     1                     11                    
600                   (14, 28)              (24, 34)              1                     2                     10                    
600                   (14, 28)              (24, 34)              2                     1                     11                    
600                   (14, 28)              (24, 34)              2                     2                     9                     
601                   (14, 29)              (20, 30)              1                     1                     7                     
601                   (14, 29)              (20, 30)              1                     2                     6                     
601                   (14, 29)              (20, 30)              2                     1                     7                     
601                   (14, 29)              (20, 30)              2                     2                     5                     
602                   (14, 29)              (20, 31)              1                     1                     7                     
602                   (14, 29)              (20, 31)              1                     2                     6                     
602                   (14, 29)              (20, 31)              2                     1                     7                     
602                   (14, 29)              (20, 31)              2                     2                     5                     
603                   (14, 29)              (20, 32)              1                     1                     7                     
603                   (14, 29)              (20, 32)              1                     2                     6                     
603                   (14, 29)              (20, 32)              2                     1                     7                     
603                   (14, 29)              (20, 32)              2                     2                     5                     
604                   (14, 29)              (20, 33)              1                     1                     7                     
604                   (14, 29)              (20, 33)              1                     2                     6                     
604                   (14, 29)              (20, 33)              2                     1                     7                     
604                   (14, 29)              (20, 33)              2                     2                     5                     
605                   (14, 29)              (20, 34)              1                     1                     7                     
605                   (14, 29)              (20, 34)              1                     2                     6                     
605                   (14, 29)              (20, 34)              2                     1                     7                     
605                   (14, 29)              (20, 34)              2                     2                     5                     
606                   (14, 29)              (21, 30)              1                     1                     8                     
606                   (14, 29)              (21, 30)              1                     2                     7                     
606                   (14, 29)              (21, 30)              2                     1                     8                     
606                   (14, 29)              (21, 30)              2                     2                     6                     
607                   (14, 29)              (21, 31)              1                     1                     8                     
607                   (14, 29)              (21, 31)              1                     2                     7                     
607                   (14, 29)              (21, 31)              2                     1                     8                     
607                   (14, 29)              (21, 31)              2                     2                     6                     
608                   (14, 29)              (21, 32)              1                     1                     8                     
608                   (14, 29)              (21, 32)              1                     2                     7                     
608                   (14, 29)              (21, 32)              2                     1                     8                     
608                   (14, 29)              (21, 32)              2                     2                     6                     
609                   (14, 29)              (21, 33)              1                     1                     8                     
609                   (14, 29)              (21, 33)              1                     2                     7                     
609                   (14, 29)              (21, 33)              2                     1                     8                     
609                   (14, 29)              (21, 33)              2                     2                     6                     
610                   (14, 29)              (21, 34)              1                     1                     8                     
610                   (14, 29)              (21, 34)              1                     2                     7                     
610                   (14, 29)              (21, 34)              2                     1                     8                     
610                   (14, 29)              (21, 34)              2                     2                     6                     
611                   (14, 29)              (22, 30)              1                     1                     9                     
611                   (14, 29)              (22, 30)              1                     2                     8                     
611                   (14, 29)              (22, 30)              2                     1                     9                     
611                   (14, 29)              (22, 30)              2                     2                     7                     
612                   (14, 29)              (22, 31)              1                     1                     9                     
612                   (14, 29)              (22, 31)              1                     2                     8                     
612                   (14, 29)              (22, 31)              2                     1                     9                     
612                   (14, 29)              (22, 31)              2                     2                     7                     
613                   (14, 29)              (22, 32)              1                     1                     9                     
613                   (14, 29)              (22, 32)              1                     2                     8                     
613                   (14, 29)              (22, 32)              2                     1                     9                     
613                   (14, 29)              (22, 32)              2                     2                     7                     
614                   (14, 29)              (22, 33)              1                     1                     9                     
614                   (14, 29)              (22, 33)              1                     2                     8                     
614                   (14, 29)              (22, 33)              2                     1                     9                     
614                   (14, 29)              (22, 33)              2                     2                     7                     
615                   (14, 29)              (22, 34)              1                     1                     9                     
615                   (14, 29)              (22, 34)              1                     2                     8                     
615                   (14, 29)              (22, 34)              2                     1                     9                     
615                   (14, 29)              (22, 34)              2                     2                     7                     
616                   (14, 29)              (23, 30)              1                     1                     10                    
616                   (14, 29)              (23, 30)              1                     2                     9                     
616                   (14, 29)              (23, 30)              2                     1                     10                    
616                   (14, 29)              (23, 30)              2                     2                     8                     
617                   (14, 29)              (23, 31)              1                     1                     10                    
617                   (14, 29)              (23, 31)              1                     2                     9                     
617                   (14, 29)              (23, 31)              2                     1                     10                    
617                   (14, 29)              (23, 31)              2                     2                     8                     
618                   (14, 29)              (23, 32)              1                     1                     10                    
618                   (14, 29)              (23, 32)              1                     2                     9                     
618                   (14, 29)              (23, 32)              2                     1                     10                    
618                   (14, 29)              (23, 32)              2                     2                     8                     
619                   (14, 29)              (23, 33)              1                     1                     10                    
619                   (14, 29)              (23, 33)              1                     2                     9                     
619                   (14, 29)              (23, 33)              2                     1                     10                    
619                   (14, 29)              (23, 33)              2                     2                     8                     
620                   (14, 29)              (23, 34)              1                     1                     10                    
620                   (14, 29)              (23, 34)              1                     2                     9                     
620                   (14, 29)              (23, 34)              2                     1                     10                    
620                   (14, 29)              (23, 34)              2                     2                     8                     
621                   (14, 29)              (24, 30)              1                     1                     11                    
621                   (14, 29)              (24, 30)              1                     2                     10                    
621                   (14, 29)              (24, 30)              2                     1                     11                    
621                   (14, 29)              (24, 30)              2                     2                     9                     
622                   (14, 29)              (24, 31)              1                     1                     11                    
622                   (14, 29)              (24, 31)              1                     2                     10                    
622                   (14, 29)              (24, 31)              2                     1                     11                    
622                   (14, 29)              (24, 31)              2                     2                     9                     
623                   (14, 29)              (24, 32)              1                     1                     11                    
623                   (14, 29)              (24, 32)              1                     2                     10                    
623                   (14, 29)              (24, 32)              2                     1                     11                    
623                   (14, 29)              (24, 32)              2                     2                     9                     
624                   (14, 29)              (24, 33)              1                     1                     11                    
624                   (14, 29)              (24, 33)              1                     2                     10                    
624                   (14, 29)              (24, 33)              2                     1                     11                    
624                   (14, 29)              (24, 33)              2                     2                     9                     
625                   (14, 29)              (24, 34)              1                     1                     11                    
625                   (14, 29)              (24, 34)              1                     2                     10                    
625                   (14, 29)              (24, 34)              2                     1                     11                    
625                   (14, 29)              (24, 34)              2                     2                     9                     
626                   (15, 25)              (20, 30)              1                     1                     6                     
626                   (15, 25)              (20, 30)              1                     2                     5                     
626                   (15, 25)              (20, 30)              2                     1                     6                     
626                   (15, 25)              (20, 30)              2                     2                     4                     
627                   (15, 25)              (20, 31)              1                     1                     7                     
627                   (15, 25)              (20, 31)              1                     2                     6                     
627                   (15, 25)              (20, 31)              2                     1                     7                     
627                   (15, 25)              (20, 31)              2                     2                     5                     
628                   (15, 25)              (20, 32)              1                     1                     8                     
628                   (15, 25)              (20, 32)              1                     2                     7                     
628                   (15, 25)              (20, 32)              2                     1                     8                     
628                   (15, 25)              (20, 32)              2                     2                     6                     
629                   (15, 25)              (20, 33)              1                     1                     9                     
629                   (15, 25)              (20, 33)              1                     2                     8                     
629                   (15, 25)              (20, 33)              2                     1                     9                     
629                   (15, 25)              (20, 33)              2                     2                     7                     
630                   (15, 25)              (20, 34)              1                     1                     10                    
630                   (15, 25)              (20, 34)              1                     2                     9                     
630                   (15, 25)              (20, 34)              2                     1                     10                    
630                   (15, 25)              (20, 34)              2                     2                     8                     
631                   (15, 25)              (21, 30)              1                     1                     7                     
631                   (15, 25)              (21, 30)              1                     2                     6                     
631                   (15, 25)              (21, 30)              2                     1                     7                     
631                   (15, 25)              (21, 30)              2                     2                     5                     
632                   (15, 25)              (21, 31)              1                     1                     7                     
632                   (15, 25)              (21, 31)              1                     2                     6                     
632                   (15, 25)              (21, 31)              2                     1                     7                     
632                   (15, 25)              (21, 31)              2                     2                     5                     
633                   (15, 25)              (21, 32)              1                     1                     8                     
633                   (15, 25)              (21, 32)              1                     2                     7                     
633                   (15, 25)              (21, 32)              2                     1                     8                     
633                   (15, 25)              (21, 32)              2                     2                     6                     
634                   (15, 25)              (21, 33)              1                     1                     9                     
634                   (15, 25)              (21, 33)              1                     2                     8                     
634                   (15, 25)              (21, 33)              2                     1                     9                     
634                   (15, 25)              (21, 33)              2                     2                     7                     
635                   (15, 25)              (21, 34)              1                     1                     10                    
635                   (15, 25)              (21, 34)              1                     2                     9                     
635                   (15, 25)              (21, 34)              2                     1                     10                    
635                   (15, 25)              (21, 34)              2                     2                     8                     
636                   (15, 25)              (22, 30)              1                     1                     8                     
636                   (15, 25)              (22, 30)              1                     2                     7                     
636                   (15, 25)              (22, 30)              2                     1                     8                     
636                   (15, 25)              (22, 30)              2                     2                     6                     
637                   (15, 25)              (22, 31)              1                     1                     8                     
637                   (15, 25)              (22, 31)              1                     2                     7                     
637                   (15, 25)              (22, 31)              2                     1                     8                     
637                   (15, 25)              (22, 31)              2                     2                     6                     
638                   (15, 25)              (22, 32)              1                     1                     8                     
638                   (15, 25)              (22, 32)              1                     2                     7                     
638                   (15, 25)              (22, 32)              2                     1                     8                     
638                   (15, 25)              (22, 32)              2                     2                     6                     
639                   (15, 25)              (22, 33)              1                     1                     9                     
639                   (15, 25)              (22, 33)              1                     2                     8                     
639                   (15, 25)              (22, 33)              2                     1                     9                     
639                   (15, 25)              (22, 33)              2                     2                     7                     
640                   (15, 25)              (22, 34)              1                     1                     10                    
640                   (15, 25)              (22, 34)              1                     2                     9                     
640                   (15, 25)              (22, 34)              2                     1                     10                    
640                   (15, 25)              (22, 34)              2                     2                     8                     
641                   (15, 25)              (23, 30)              1                     1                     9                     
641                   (15, 25)              (23, 30)              1                     2                     8                     
641                   (15, 25)              (23, 30)              2                     1                     9                     
641                   (15, 25)              (23, 30)              2                     2                     7                     
642                   (15, 25)              (23, 31)              1                     1                     9                     
642                   (15, 25)              (23, 31)              1                     2                     8                     
642                   (15, 25)              (23, 31)              2                     1                     9                     
642                   (15, 25)              (23, 31)              2                     2                     7                     
643                   (15, 25)              (23, 32)              1                     1                     9                     
643                   (15, 25)              (23, 32)              1                     2                     8                     
643                   (15, 25)              (23, 32)              2                     1                     9                     
643                   (15, 25)              (23, 32)              2                     2                     7                     
644                   (15, 25)              (23, 33)              1                     1                     9                     
644                   (15, 25)              (23, 33)              1                     2                     8                     
644                   (15, 25)              (23, 33)              2                     1                     9                     
644                   (15, 25)              (23, 33)              2                     2                     7                     
645                   (15, 25)              (23, 34)              1                     1                     10                    
645                   (15, 25)              (23, 34)              1                     2                     9                     
645                   (15, 25)              (23, 34)              2                     1                     10                    
645                   (15, 25)              (23, 34)              2                     2                     8                     
646                   (15, 25)              (24, 30)              1                     1                     10                    
646                   (15, 25)              (24, 30)              1                     2                     9                     
646                   (15, 25)              (24, 30)              2                     1                     10                    
646                   (15, 25)              (24, 30)              2                     2                     8                     
647                   (15, 25)              (24, 31)              1                     1                     10                    
647                   (15, 25)              (24, 31)              1                     2                     9                     
647                   (15, 25)              (24, 31)              2                     1                     10                    
647                   (15, 25)              (24, 31)              2                     2                     8                     
648                   (15, 25)              (24, 32)              1                     1                     10                    
648                   (15, 25)              (24, 32)              1                     2                     9                     
648                   (15, 25)              (24, 32)              2                     1                     10                    
648                   (15, 25)              (24, 32)              2                     2                     8                     
649                   (15, 25)              (24, 33)              1                     1                     10                    
649                   (15, 25)              (24, 33)              1                     2                     9                     
649                   (15, 25)              (24, 33)              2                     1                     10                    
649                   (15, 25)              (24, 33)              2                     2                     8                     
650                   (15, 25)              (24, 34)              1                     1                     10                    
650                   (15, 25)              (24, 34)              1                     2                     9                     
650                   (15, 25)              (24, 34)              2                     1                     10                    
650                   (15, 25)              (24, 34)              2                     2                     8                     
651                   (15, 26)              (20, 30)              1                     1                     6                     
651                   (15, 26)              (20, 30)              1                     2                     5                     
651                   (15, 26)              (20, 30)              2                     1                     6                     
651                   (15, 26)              (20, 30)              2                     2                     4                     
652                   (15, 26)              (20, 31)              1                     1                     6                     
652                   (15, 26)              (20, 31)              1                     2                     5                     
652                   (15, 26)              (20, 31)              2                     1                     6                     
652                   (15, 26)              (20, 31)              2                     2                     4                     
653                   (15, 26)              (20, 32)              1                     1                     7                     
653                   (15, 26)              (20, 32)              1                     2                     6                     
653                   (15, 26)              (20, 32)              2                     1                     7                     
653                   (15, 26)              (20, 32)              2                     2                     5                     
654                   (15, 26)              (20, 33)              1                     1                     8                     
654                   (15, 26)              (20, 33)              1                     2                     7                     
654                   (15, 26)              (20, 33)              2                     1                     8                     
654                   (15, 26)              (20, 33)              2                     2                     6                     
655                   (15, 26)              (20, 34)              1                     1                     9                     
655                   (15, 26)              (20, 34)              1                     2                     8                     
655                   (15, 26)              (20, 34)              2                     1                     9                     
655                   (15, 26)              (20, 34)              2                     2                     7                     
656                   (15, 26)              (21, 30)              1                     1                     7                     
656                   (15, 26)              (21, 30)              1                     2                     6                     
656                   (15, 26)              (21, 30)              2                     1                     7                     
656                   (15, 26)              (21, 30)              2                     2                     5                     
657                   (15, 26)              (21, 31)              1                     1                     7                     
657                   (15, 26)              (21, 31)              1                     2                     6                     
657                   (15, 26)              (21, 31)              2                     1                     7                     
657                   (15, 26)              (21, 31)              2                     2                     5                     
658                   (15, 26)              (21, 32)              1                     1                     7                     
658                   (15, 26)              (21, 32)              1                     2                     6                     
658                   (15, 26)              (21, 32)              2                     1                     7                     
658                   (15, 26)              (21, 32)              2                     2                     5                     
659                   (15, 26)              (21, 33)              1                     1                     8                     
659                   (15, 26)              (21, 33)              1                     2                     7                     
659                   (15, 26)              (21, 33)              2                     1                     8                     
659                   (15, 26)              (21, 33)              2                     2                     6                     
660                   (15, 26)              (21, 34)              1                     1                     9                     
660                   (15, 26)              (21, 34)              1                     2                     8                     
660                   (15, 26)              (21, 34)              2                     1                     9                     
660                   (15, 26)              (21, 34)              2                     2                     7                     
661                   (15, 26)              (22, 30)              1                     1                     8                     
661                   (15, 26)              (22, 30)              1                     2                     7                     
661                   (15, 26)              (22, 30)              2                     1                     8                     
661                   (15, 26)              (22, 30)              2                     2                     6                     
662                   (15, 26)              (22, 31)              1                     1                     8                     
662                   (15, 26)              (22, 31)              1                     2                     7                     
662                   (15, 26)              (22, 31)              2                     1                     8                     
662                   (15, 26)              (22, 31)              2                     2                     6                     
663                   (15, 26)              (22, 32)              1                     1                     8                     
663                   (15, 26)              (22, 32)              1                     2                     7                     
663                   (15, 26)              (22, 32)              2                     1                     8                     
663                   (15, 26)              (22, 32)              2                     2                     6                     
664                   (15, 26)              (22, 33)              1                     1                     8                     
664                   (15, 26)              (22, 33)              1                     2                     7                     
664                   (15, 26)              (22, 33)              2                     1                     8                     
664                   (15, 26)              (22, 33)              2                     2                     6                     
665                   (15, 26)              (22, 34)              1                     1                     9                     
665                   (15, 26)              (22, 34)              1                     2                     8                     
665                   (15, 26)              (22, 34)              2                     1                     9                     
665                   (15, 26)              (22, 34)              2                     2                     7                     
666                   (15, 26)              (23, 30)              1                     1                     9                     
666                   (15, 26)              (23, 30)              1                     2                     8                     
666                   (15, 26)              (23, 30)              2                     1                     9                     
666                   (15, 26)              (23, 30)              2                     2                     7                     
667                   (15, 26)              (23, 31)              1                     1                     9                     
667                   (15, 26)              (23, 31)              1                     2                     8                     
667                   (15, 26)              (23, 31)              2                     1                     9                     
667                   (15, 26)              (23, 31)              2                     2                     7                     
668                   (15, 26)              (23, 32)              1                     1                     9                     
668                   (15, 26)              (23, 32)              1                     2                     8                     
668                   (15, 26)              (23, 32)              2                     1                     9                     
668                   (15, 26)              (23, 32)              2                     2                     7                     
669                   (15, 26)              (23, 33)              1                     1                     9                     
669                   (15, 26)              (23, 33)              1                     2                     8                     
669                   (15, 26)              (23, 33)              2                     1                     9                     
669                   (15, 26)              (23, 33)              2                     2                     7                     
670                   (15, 26)              (23, 34)              1                     1                     9                     
670                   (15, 26)              (23, 34)              1                     2                     8                     
670                   (15, 26)              (23, 34)              2                     1                     9                     
670                   (15, 26)              (23, 34)              2                     2                     7                     
671                   (15, 26)              (24, 30)              1                     1                     10                    
671                   (15, 26)              (24, 30)              1                     2                     9                     
671                   (15, 26)              (24, 30)              2                     1                     10                    
671                   (15, 26)              (24, 30)              2                     2                     8                     
672                   (15, 26)              (24, 31)              1                     1                     10                    
672                   (15, 26)              (24, 31)              1                     2                     9                     
672                   (15, 26)              (24, 31)              2                     1                     10                    
672                   (15, 26)              (24, 31)              2                     2                     8                     
673                   (15, 26)              (24, 32)              1                     1                     10                    
673                   (15, 26)              (24, 32)              1                     2                     9                     
673                   (15, 26)              (24, 32)              2                     1                     10                    
673                   (15, 26)              (24, 32)              2                     2                     8                     
674                   (15, 26)              (24, 33)              1                     1                     10                    
674                   (15, 26)              (24, 33)              1                     2                     9                     
674                   (15, 26)              (24, 33)              2                     1                     10                    
674                   (15, 26)              (24, 33)              2                     2                     8                     
675                   (15, 26)              (24, 34)              1                     1                     10                    
675                   (15, 26)              (24, 34)              1                     2                     9                     
675                   (15, 26)              (24, 34)              2                     1                     10                    
675                   (15, 26)              (24, 34)              2                     2                     8                     
676                   (15, 27)              (20, 30)              1                     1                     6                     
676                   (15, 27)              (20, 30)              1                     2                     5                     
676                   (15, 27)              (20, 30)              2                     1                     6                     
676                   (15, 27)              (20, 30)              2                     2                     4                     
677                   (15, 27)              (20, 31)              1                     1                     6                     
677                   (15, 27)              (20, 31)              1                     2                     5                     
677                   (15, 27)              (20, 31)              2                     1                     6                     
677                   (15, 27)              (20, 31)              2                     2                     4                     
678                   (15, 27)              (20, 32)              1                     1                     6                     
678                   (15, 27)              (20, 32)              1                     2                     5                     
678                   (15, 27)              (20, 32)              2                     1                     6                     
678                   (15, 27)              (20, 32)              2                     2                     4                     
679                   (15, 27)              (20, 33)              1                     1                     7                     
679                   (15, 27)              (20, 33)              1                     2                     6                     
679                   (15, 27)              (20, 33)              2                     1                     7                     
679                   (15, 27)              (20, 33)              2                     2                     5                     
680                   (15, 27)              (20, 34)              1                     1                     8                     
680                   (15, 27)              (20, 34)              1                     2                     7                     
680                   (15, 27)              (20, 34)              2                     1                     8                     
680                   (15, 27)              (20, 34)              2                     2                     6                     
681                   (15, 27)              (21, 30)              1                     1                     7                     
681                   (15, 27)              (21, 30)              1                     2                     6                     
681                   (15, 27)              (21, 30)              2                     1                     7                     
681                   (15, 27)              (21, 30)              2                     2                     5                     
682                   (15, 27)              (21, 31)              1                     1                     7                     
682                   (15, 27)              (21, 31)              1                     2                     6                     
682                   (15, 27)              (21, 31)              2                     1                     7                     
682                   (15, 27)              (21, 31)              2                     2                     5                     
683                   (15, 27)              (21, 32)              1                     1                     7                     
683                   (15, 27)              (21, 32)              1                     2                     6                     
683                   (15, 27)              (21, 32)              2                     1                     7                     
683                   (15, 27)              (21, 32)              2                     2                     5                     
684                   (15, 27)              (21, 33)              1                     1                     7                     
684                   (15, 27)              (21, 33)              1                     2                     6                     
684                   (15, 27)              (21, 33)              2                     1                     7                     
684                   (15, 27)              (21, 33)              2                     2                     5                     
685                   (15, 27)              (21, 34)              1                     1                     8                     
685                   (15, 27)              (21, 34)              1                     2                     7                     
685                   (15, 27)              (21, 34)              2                     1                     8                     
685                   (15, 27)              (21, 34)              2                     2                     6                     
686                   (15, 27)              (22, 30)              1                     1                     8                     
686                   (15, 27)              (22, 30)              1                     2                     7                     
686                   (15, 27)              (22, 30)              2                     1                     8                     
686                   (15, 27)              (22, 30)              2                     2                     6                     
687                   (15, 27)              (22, 31)              1                     1                     8                     
687                   (15, 27)              (22, 31)              1                     2                     7                     
687                   (15, 27)              (22, 31)              2                     1                     8                     
687                   (15, 27)              (22, 31)              2                     2                     6                     
688                   (15, 27)              (22, 32)              1                     1                     8                     
688                   (15, 27)              (22, 32)              1                     2                     7                     
688                   (15, 27)              (22, 32)              2                     1                     8                     
688                   (15, 27)              (22, 32)              2                     2                     6                     
689                   (15, 27)              (22, 33)              1                     1                     8                     
689                   (15, 27)              (22, 33)              1                     2                     7                     
689                   (15, 27)              (22, 33)              2                     1                     8                     
689                   (15, 27)              (22, 33)              2                     2                     6                     
690                   (15, 27)              (22, 34)              1                     1                     8                     
690                   (15, 27)              (22, 34)              1                     2                     7                     
690                   (15, 27)              (22, 34)              2                     1                     8                     
690                   (15, 27)              (22, 34)              2                     2                     6                     
691                   (15, 27)              (23, 30)              1                     1                     9                     
691                   (15, 27)              (23, 30)              1                     2                     8                     
691                   (15, 27)              (23, 30)              2                     1                     9                     
691                   (15, 27)              (23, 30)              2                     2                     7                     
692                   (15, 27)              (23, 31)              1                     1                     9                     
692                   (15, 27)              (23, 31)              1                     2                     8                     
692                   (15, 27)              (23, 31)              2                     1                     9                     
692                   (15, 27)              (23, 31)              2                     2                     7                     
693                   (15, 27)              (23, 32)              1                     1                     9                     
693                   (15, 27)              (23, 32)              1                     2                     8                     
693                   (15, 27)              (23, 32)              2                     1                     9                     
693                   (15, 27)              (23, 32)              2                     2                     7                     
694                   (15, 27)              (23, 33)              1                     1                     9                     
694                   (15, 27)              (23, 33)              1                     2                     8                     
694                   (15, 27)              (23, 33)              2                     1                     9                     
694                   (15, 27)              (23, 33)              2                     2                     7                     
695                   (15, 27)              (23, 34)              1                     1                     9                     
695                   (15, 27)              (23, 34)              1                     2                     8                     
695                   (15, 27)              (23, 34)              2                     1                     9                     
695                   (15, 27)              (23, 34)              2                     2                     7                     
696                   (15, 27)              (24, 30)              1                     1                     10                    
696                   (15, 27)              (24, 30)              1                     2                     9                     
696                   (15, 27)              (24, 30)              2                     1                     10                    
696                   (15, 27)              (24, 30)              2                     2                     8                     
697                   (15, 27)              (24, 31)              1                     1                     10                    
697                   (15, 27)              (24, 31)              1                     2                     9                     
697                   (15, 27)              (24, 31)              2                     1                     10                    
697                   (15, 27)              (24, 31)              2                     2                     8                     
698                   (15, 27)              (24, 32)              1                     1                     10                    
698                   (15, 27)              (24, 32)              1                     2                     9                     
698                   (15, 27)              (24, 32)              2                     1                     10                    
698                   (15, 27)              (24, 32)              2                     2                     8                     
699                   (15, 27)              (24, 33)              1                     1                     10                    
699                   (15, 27)              (24, 33)              1                     2                     9                     
699                   (15, 27)              (24, 33)              2                     1                     10                    
699                   (15, 27)              (24, 33)              2                     2                     8                     
700                   (15, 27)              (24, 34)              1                     1                     10                    
700                   (15, 27)              (24, 34)              1                     2                     9                     
700                   (15, 27)              (24, 34)              2                     1                     10                    
700                   (15, 27)              (24, 34)              2                     2                     8                     
701                   (15, 28)              (20, 30)              1                     1                     6                     
701                   (15, 28)              (20, 30)              1                     2                     5                     
701                   (15, 28)              (20, 30)              2                     1                     6                     
701                   (15, 28)              (20, 30)              2                     2                     4                     
702                   (15, 28)              (20, 31)              1                     1                     6                     
702                   (15, 28)              (20, 31)              1                     2                     5                     
702                   (15, 28)              (20, 31)              2                     1                     6                     
702                   (15, 28)              (20, 31)              2                     2                     4                     
703                   (15, 28)              (20, 32)              1                     1                     6                     
703                   (15, 28)              (20, 32)              1                     2                     5                     
703                   (15, 28)              (20, 32)              2                     1                     6                     
703                   (15, 28)              (20, 32)              2                     2                     4                     
704                   (15, 28)              (20, 33)              1                     1                     6                     
704                   (15, 28)              (20, 33)              1                     2                     5                     
704                   (15, 28)              (20, 33)              2                     1                     6                     
704                   (15, 28)              (20, 33)              2                     2                     4                     
705                   (15, 28)              (20, 34)              1                     1                     7                     
705                   (15, 28)              (20, 34)              1                     2                     6                     
705                   (15, 28)              (20, 34)              2                     1                     7                     
705                   (15, 28)              (20, 34)              2                     2                     5                     
706                   (15, 28)              (21, 30)              1                     1                     7                     
706                   (15, 28)              (21, 30)              1                     2                     6                     
706                   (15, 28)              (21, 30)              2                     1                     7                     
706                   (15, 28)              (21, 30)              2                     2                     5                     
707                   (15, 28)              (21, 31)              1                     1                     7                     
707                   (15, 28)              (21, 31)              1                     2                     6                     
707                   (15, 28)              (21, 31)              2                     1                     7                     
707                   (15, 28)              (21, 31)              2                     2                     5                     
708                   (15, 28)              (21, 32)              1                     1                     7                     
708                   (15, 28)              (21, 32)              1                     2                     6                     
708                   (15, 28)              (21, 32)              2                     1                     7                     
708                   (15, 28)              (21, 32)              2                     2                     5                     
709                   (15, 28)              (21, 33)              1                     1                     7                     
709                   (15, 28)              (21, 33)              1                     2                     6                     
709                   (15, 28)              (21, 33)              2                     1                     7                     
709                   (15, 28)              (21, 33)              2                     2                     5                     
710                   (15, 28)              (21, 34)              1                     1                     7                     
710                   (15, 28)              (21, 34)              1                     2                     6                     
710                   (15, 28)              (21, 34)              2                     1                     7                     
710                   (15, 28)              (21, 34)              2                     2                     5                     
711                   (15, 28)              (22, 30)              1                     1                     8                     
711                   (15, 28)              (22, 30)              1                     2                     7                     
711                   (15, 28)              (22, 30)              2                     1                     8                     
711                   (15, 28)              (22, 30)              2                     2                     6                     
712                   (15, 28)              (22, 31)              1                     1                     8                     
712                   (15, 28)              (22, 31)              1                     2                     7                     
712                   (15, 28)              (22, 31)              2                     1                     8                     
712                   (15, 28)              (22, 31)              2                     2                     6                     
713                   (15, 28)              (22, 32)              1                     1                     8                     
713                   (15, 28)              (22, 32)              1                     2                     7                     
713                   (15, 28)              (22, 32)              2                     1                     8                     
713                   (15, 28)              (22, 32)              2                     2                     6                     
714                   (15, 28)              (22, 33)              1                     1                     8                     
714                   (15, 28)              (22, 33)              1                     2                     7                     
714                   (15, 28)              (22, 33)              2                     1                     8                     
714                   (15, 28)              (22, 33)              2                     2                     6                     
715                   (15, 28)              (22, 34)              1                     1                     8                     
715                   (15, 28)              (22, 34)              1                     2                     7                     
715                   (15, 28)              (22, 34)              2                     1                     8                     
715                   (15, 28)              (22, 34)              2                     2                     6                     
716                   (15, 28)              (23, 30)              1                     1                     9                     
716                   (15, 28)              (23, 30)              1                     2                     8                     
716                   (15, 28)              (23, 30)              2                     1                     9                     
716                   (15, 28)              (23, 30)              2                     2                     7                     
717                   (15, 28)              (23, 31)              1                     1                     9                     
717                   (15, 28)              (23, 31)              1                     2                     8                     
717                   (15, 28)              (23, 31)              2                     1                     9                     
717                   (15, 28)              (23, 31)              2                     2                     7                     
718                   (15, 28)              (23, 32)              1                     1                     9                     
718                   (15, 28)              (23, 32)              1                     2                     8                     
718                   (15, 28)              (23, 32)              2                     1                     9                     
718                   (15, 28)              (23, 32)              2                     2                     7                     
719                   (15, 28)              (23, 33)              1                     1                     9                     
719                   (15, 28)              (23, 33)              1                     2                     8                     
719                   (15, 28)              (23, 33)              2                     1                     9                     
719                   (15, 28)              (23, 33)              2                     2                     7                     
720                   (15, 28)              (23, 34)              1                     1                     9                     
720                   (15, 28)              (23, 34)              1                     2                     8                     
720                   (15, 28)              (23, 34)              2                     1                     9                     
720                   (15, 28)              (23, 34)              2                     2                     7                     
721                   (15, 28)              (24, 30)              1                     1                     10                    
721                   (15, 28)              (24, 30)              1                     2                     9                     
721                   (15, 28)              (24, 30)              2                     1                     10                    
721                   (15, 28)              (24, 30)              2                     2                     8                     
722                   (15, 28)              (24, 31)              1                     1                     10                    
722                   (15, 28)              (24, 31)              1                     2                     9                     
722                   (15, 28)              (24, 31)              2                     1                     10                    
722                   (15, 28)              (24, 31)              2                     2                     8                     
723                   (15, 28)              (24, 32)              1                     1                     10                    
723                   (15, 28)              (24, 32)              1                     2                     9                     
723                   (15, 28)              (24, 32)              2                     1                     10                    
723                   (15, 28)              (24, 32)              2                     2                     8                     
724                   (15, 28)              (24, 33)              1                     1                     10                    
724                   (15, 28)              (24, 33)              1                     2                     9                     
724                   (15, 28)              (24, 33)              2                     1                     10                    
724                   (15, 28)              (24, 33)              2                     2                     8                     
725                   (15, 28)              (24, 34)              1                     1                     10                    
725                   (15, 28)              (24, 34)              1                     2                     9                     
725                   (15, 28)              (24, 34)              2                     1                     10                    
725                   (15, 28)              (24, 34)              2                     2                     8                     
726                   (15, 29)              (20, 30)              1                     1                     6                     
726                   (15, 29)              (20, 30)              1                     2                     5                     
726                   (15, 29)              (20, 30)              2                     1                     6                     
726                   (15, 29)              (20, 30)              2                     2                     4                     
727                   (15, 29)              (20, 31)              1                     1                     6                     
727                   (15, 29)              (20, 31)              1                     2                     5                     
727                   (15, 29)              (20, 31)              2                     1                     6                     
727                   (15, 29)              (20, 31)              2                     2                     4                     
728                   (15, 29)              (20, 32)              1                     1                     6                     
728                   (15, 29)              (20, 32)              1                     2                     5                     
728                   (15, 29)              (20, 32)              2                     1                     6                     
728                   (15, 29)              (20, 32)              2                     2                     4                     
729                   (15, 29)              (20, 33)              1                     1                     6                     
729                   (15, 29)              (20, 33)              1                     2                     5                     
729                   (15, 29)              (20, 33)              2                     1                     6                     
729                   (15, 29)              (20, 33)              2                     2                     4                     
730                   (15, 29)              (20, 34)              1                     1                     6                     
730                   (15, 29)              (20, 34)              1                     2                     5                     
730                   (15, 29)              (20, 34)              2                     1                     6                     
730                   (15, 29)              (20, 34)              2                     2                     4                     
731                   (15, 29)              (21, 30)              1                     1                     7                     
731                   (15, 29)              (21, 30)              1                     2                     6                     
731                   (15, 29)              (21, 30)              2                     1                     7                     
731                   (15, 29)              (21, 30)              2                     2                     5                     
732                   (15, 29)              (21, 31)              1                     1                     7                     
732                   (15, 29)              (21, 31)              1                     2                     6                     
732                   (15, 29)              (21, 31)              2                     1                     7                     
732                   (15, 29)              (21, 31)              2                     2                     5                     
733                   (15, 29)              (21, 32)              1                     1                     7                     
733                   (15, 29)              (21, 32)              1                     2                     6                     
733                   (15, 29)              (21, 32)              2                     1                     7                     
733                   (15, 29)              (21, 32)              2                     2                     5                     
734                   (15, 29)              (21, 33)              1                     1                     7                     
734                   (15, 29)              (21, 33)              1                     2                     6                     
734                   (15, 29)              (21, 33)              2                     1                     7                     
734                   (15, 29)              (21, 33)              2                     2                     5                     
735                   (15, 29)              (21, 34)              1                     1                     7                     
735                   (15, 29)              (21, 34)              1                     2                     6                     
735                   (15, 29)              (21, 34)              2                     1                     7                     
735                   (15, 29)              (21, 34)              2                     2                     5                     
736                   (15, 29)              (22, 30)              1                     1                     8                     
736                   (15, 29)              (22, 30)              1                     2                     7                     
736                   (15, 29)              (22, 30)              2                     1                     8                     
736                   (15, 29)              (22, 30)              2                     2                     6                     
737                   (15, 29)              (22, 31)              1                     1                     8                     
737                   (15, 29)              (22, 31)              1                     2                     7                     
737                   (15, 29)              (22, 31)              2                     1                     8                     
737                   (15, 29)              (22, 31)              2                     2                     6                     
738                   (15, 29)              (22, 32)              1                     1                     8                     
738                   (15, 29)              (22, 32)              1                     2                     7                     
738                   (15, 29)              (22, 32)              2                     1                     8                     
738                   (15, 29)              (22, 32)              2                     2                     6                     
739                   (15, 29)              (22, 33)              1                     1                     8                     
739                   (15, 29)              (22, 33)              1                     2                     7                     
739                   (15, 29)              (22, 33)              2                     1                     8                     
739                   (15, 29)              (22, 33)              2                     2                     6                     
740                   (15, 29)              (22, 34)              1                     1                     8                     
740                   (15, 29)              (22, 34)              1                     2                     7                     
740                   (15, 29)              (22, 34)              2                     1                     8                     
740                   (15, 29)              (22, 34)              2                     2                     6                     
741                   (15, 29)              (23, 30)              1                     1                     9                     
741                   (15, 29)              (23, 30)              1                     2                     8                     
741                   (15, 29)              (23, 30)              2                     1                     9                     
741                   (15, 29)              (23, 30)              2                     2                     7                     
742                   (15, 29)              (23, 31)              1                     1                     9                     
742                   (15, 29)              (23, 31)              1                     2                     8                     
742                   (15, 29)              (23, 31)              2                     1                     9                     
742                   (15, 29)              (23, 31)              2                     2                     7                     
743                   (15, 29)              (23, 32)              1                     1                     9                     
743                   (15, 29)              (23, 32)              1                     2                     8                     
743                   (15, 29)              (23, 32)              2                     1                     9                     
743                   (15, 29)              (23, 32)              2                     2                     7                     
744                   (15, 29)              (23, 33)              1                     1                     9                     
744                   (15, 29)              (23, 33)              1                     2                     8                     
744                   (15, 29)              (23, 33)              2                     1                     9                     
744                   (15, 29)              (23, 33)              2                     2                     7                     
745                   (15, 29)              (23, 34)              1                     1                     9                     
745                   (15, 29)              (23, 34)              1                     2                     8                     
745                   (15, 29)              (23, 34)              2                     1                     9                     
745                   (15, 29)              (23, 34)              2                     2                     7                     
746                   (15, 29)              (24, 30)              1                     1                     10                    
746                   (15, 29)              (24, 30)              1                     2                     9                     
746                   (15, 29)              (24, 30)              2                     1                     10                    
746                   (15, 29)              (24, 30)              2                     2                     8                     
747                   (15, 29)              (24, 31)              1                     1                     10                    
747                   (15, 29)              (24, 31)              1                     2                     9                     
747                   (15, 29)              (24, 31)              2                     1                     10                    
747                   (15, 29)              (24, 31)              2                     2                     8                     
748                   (15, 29)              (24, 32)              1                     1                     10                    
748                   (15, 29)              (24, 32)              1                     2                     9                     
748                   (15, 29)              (24, 32)              2                     1                     10                    
748                   (15, 29)              (24, 32)              2                     2                     8                     
749                   (15, 29)              (24, 33)              1                     1                     10                    
749                   (15, 29)              (24, 33)              1                     2                     9                     
749                   (15, 29)              (24, 33)              2                     1                     10                    
749                   (15, 29)              (24, 33)              2                     2                     8                     
750                   (15, 29)              (24, 34)              1                     1                     10                    
750                   (15, 29)              (24, 34)              1                     2                     9                     
750                   (15, 29)              (24, 34)              2                     1                     10                    
750                   (15, 29)              (24, 34)              2                     2                     8                     
751                   (16, 25)              (20, 30)              1                     1                     6                     
751                   (16, 25)              (20, 30)              1                     2                     5                     
751                   (16, 25)              (20, 30)              2                     1                     6                     
751                   (16, 25)              (20, 30)              2                     2                     4                     
752                   (16, 25)              (20, 31)              1                     1                     7                     
752                   (16, 25)              (20, 31)              1                     2                     6                     
752                   (16, 25)              (20, 31)              2                     1                     7                     
752                   (16, 25)              (20, 31)              2                     2                     5                     
753                   (16, 25)              (20, 32)              1                     1                     8                     
753                   (16, 25)              (20, 32)              1                     2                     7                     
753                   (16, 25)              (20, 32)              2                     1                     8                     
753                   (16, 25)              (20, 32)              2                     2                     6                     
754                   (16, 25)              (20, 33)              1                     1                     9                     
754                   (16, 25)              (20, 33)              1                     2                     8                     
754                   (16, 25)              (20, 33)              2                     1                     9                     
754                   (16, 25)              (20, 33)              2                     2                     7                     
755                   (16, 25)              (20, 34)              1                     1                     10                    
755                   (16, 25)              (20, 34)              1                     2                     9                     
755                   (16, 25)              (20, 34)              2                     1                     10                    
755                   (16, 25)              (20, 34)              2                     2                     8                     
756                   (16, 25)              (21, 30)              1                     1                     6                     
756                   (16, 25)              (21, 30)              1                     2                     5                     
756                   (16, 25)              (21, 30)              2                     1                     6                     
756                   (16, 25)              (21, 30)              2                     2                     4                     
757                   (16, 25)              (21, 31)              1                     1                     7                     
757                   (16, 25)              (21, 31)              1                     2                     6                     
757                   (16, 25)              (21, 31)              2                     1                     7                     
757                   (16, 25)              (21, 31)              2                     2                     5                     
758                   (16, 25)              (21, 32)              1                     1                     8                     
758                   (16, 25)              (21, 32)              1                     2                     7                     
758                   (16, 25)              (21, 32)              2                     1                     8                     
758                   (16, 25)              (21, 32)              2                     2                     6                     
759                   (16, 25)              (21, 33)              1                     1                     9                     
759                   (16, 25)              (21, 33)              1                     2                     8                     
759                   (16, 25)              (21, 33)              2                     1                     9                     
759                   (16, 25)              (21, 33)              2                     2                     7                     
760                   (16, 25)              (21, 34)              1                     1                     10                    
760                   (16, 25)              (21, 34)              1                     2                     9                     
760                   (16, 25)              (21, 34)              2                     1                     10                    
760                   (16, 25)              (21, 34)              2                     2                     8                     
761                   (16, 25)              (22, 30)              1                     1                     7                     
761                   (16, 25)              (22, 30)              1                     2                     6                     
761                   (16, 25)              (22, 30)              2                     1                     7                     
761                   (16, 25)              (22, 30)              2                     2                     5                     
762                   (16, 25)              (22, 31)              1                     1                     7                     
762                   (16, 25)              (22, 31)              1                     2                     6                     
762                   (16, 25)              (22, 31)              2                     1                     7                     
762                   (16, 25)              (22, 31)              2                     2                     5                     
763                   (16, 25)              (22, 32)              1                     1                     8                     
763                   (16, 25)              (22, 32)              1                     2                     7                     
763                   (16, 25)              (22, 32)              2                     1                     8                     
763                   (16, 25)              (22, 32)              2                     2                     6                     
764                   (16, 25)              (22, 33)              1                     1                     9                     
764                   (16, 25)              (22, 33)              1                     2                     8                     
764                   (16, 25)              (22, 33)              2                     1                     9                     
764                   (16, 25)              (22, 33)              2                     2                     7                     
765                   (16, 25)              (22, 34)              1                     1                     10                    
765                   (16, 25)              (22, 34)              1                     2                     9                     
765                   (16, 25)              (22, 34)              2                     1                     10                    
765                   (16, 25)              (22, 34)              2                     2                     8                     
766                   (16, 25)              (23, 30)              1                     1                     8                     
766                   (16, 25)              (23, 30)              1                     2                     7                     
766                   (16, 25)              (23, 30)              2                     1                     8                     
766                   (16, 25)              (23, 30)              2                     2                     6                     
767                   (16, 25)              (23, 31)              1                     1                     8                     
767                   (16, 25)              (23, 31)              1                     2                     7                     
767                   (16, 25)              (23, 31)              2                     1                     8                     
767                   (16, 25)              (23, 31)              2                     2                     6                     
768                   (16, 25)              (23, 32)              1                     1                     8                     
768                   (16, 25)              (23, 32)              1                     2                     7                     
768                   (16, 25)              (23, 32)              2                     1                     8                     
768                   (16, 25)              (23, 32)              2                     2                     6                     
769                   (16, 25)              (23, 33)              1                     1                     9                     
769                   (16, 25)              (23, 33)              1                     2                     8                     
769                   (16, 25)              (23, 33)              2                     1                     9                     
769                   (16, 25)              (23, 33)              2                     2                     7                     
770                   (16, 25)              (23, 34)              1                     1                     10                    
770                   (16, 25)              (23, 34)              1                     2                     9                     
770                   (16, 25)              (23, 34)              2                     1                     10                    
770                   (16, 25)              (23, 34)              2                     2                     8                     
771                   (16, 25)              (24, 30)              1                     1                     9                     
771                   (16, 25)              (24, 30)              1                     2                     8                     
771                   (16, 25)              (24, 30)              2                     1                     9                     
771                   (16, 25)              (24, 30)              2                     2                     7                     
772                   (16, 25)              (24, 31)              1                     1                     9                     
772                   (16, 25)              (24, 31)              1                     2                     8                     
772                   (16, 25)              (24, 31)              2                     1                     9                     
772                   (16, 25)              (24, 31)              2                     2                     7                     
773                   (16, 25)              (24, 32)              1                     1                     9                     
773                   (16, 25)              (24, 32)              1                     2                     8                     
773                   (16, 25)              (24, 32)              2                     1                     9                     
773                   (16, 25)              (24, 32)              2                     2                     7                     
774                   (16, 25)              (24, 33)              1                     1                     9                     
774                   (16, 25)              (24, 33)              1                     2                     8                     
774                   (16, 25)              (24, 33)              2                     1                     9                     
774                   (16, 25)              (24, 33)              2                     2                     7                     
775                   (16, 25)              (24, 34)              1                     1                     10                    
775                   (16, 25)              (24, 34)              1                     2                     9                     
775                   (16, 25)              (24, 34)              2                     1                     10                    
775                   (16, 25)              (24, 34)              2                     2                     8                     
776                   (16, 26)              (20, 30)              1                     1                     5                     
776                   (16, 26)              (20, 30)              1                     2                     4                     
776                   (16, 26)              (20, 30)              2                     1                     5                     
776                   (16, 26)              (20, 30)              2                     2                     3                     
777                   (16, 26)              (20, 31)              1                     1                     6                     
777                   (16, 26)              (20, 31)              1                     2                     5                     
777                   (16, 26)              (20, 31)              2                     1                     6                     
777                   (16, 26)              (20, 31)              2                     2                     4                     
778                   (16, 26)              (20, 32)              1                     1                     7                     
778                   (16, 26)              (20, 32)              1                     2                     6                     
778                   (16, 26)              (20, 32)              2                     1                     7                     
778                   (16, 26)              (20, 32)              2                     2                     5                     
779                   (16, 26)              (20, 33)              1                     1                     8                     
779                   (16, 26)              (20, 33)              1                     2                     7                     
779                   (16, 26)              (20, 33)              2                     1                     8                     
779                   (16, 26)              (20, 33)              2                     2                     6                     
780                   (16, 26)              (20, 34)              1                     1                     9                     
780                   (16, 26)              (20, 34)              1                     2                     8                     
780                   (16, 26)              (20, 34)              2                     1                     9                     
780                   (16, 26)              (20, 34)              2                     2                     7                     
781                   (16, 26)              (21, 30)              1                     1                     6                     
781                   (16, 26)              (21, 30)              1                     2                     5                     
781                   (16, 26)              (21, 30)              2                     1                     6                     
781                   (16, 26)              (21, 30)              2                     2                     4                     
782                   (16, 26)              (21, 31)              1                     1                     6                     
782                   (16, 26)              (21, 31)              1                     2                     5                     
782                   (16, 26)              (21, 31)              2                     1                     6                     
782                   (16, 26)              (21, 31)              2                     2                     4                     
783                   (16, 26)              (21, 32)              1                     1                     7                     
783                   (16, 26)              (21, 32)              1                     2                     6                     
783                   (16, 26)              (21, 32)              2                     1                     7                     
783                   (16, 26)              (21, 32)              2                     2                     5                     
784                   (16, 26)              (21, 33)              1                     1                     8                     
784                   (16, 26)              (21, 33)              1                     2                     7                     
784                   (16, 26)              (21, 33)              2                     1                     8                     
784                   (16, 26)              (21, 33)              2                     2                     6                     
785                   (16, 26)              (21, 34)              1                     1                     9                     
785                   (16, 26)              (21, 34)              1                     2                     8                     
785                   (16, 26)              (21, 34)              2                     1                     9                     
785                   (16, 26)              (21, 34)              2                     2                     7                     
786                   (16, 26)              (22, 30)              1                     1                     7                     
786                   (16, 26)              (22, 30)              1                     2                     6                     
786                   (16, 26)              (22, 30)              2                     1                     7                     
786                   (16, 26)              (22, 30)              2                     2                     5                     
787                   (16, 26)              (22, 31)              1                     1                     7                     
787                   (16, 26)              (22, 31)              1                     2                     6                     
787                   (16, 26)              (22, 31)              2                     1                     7                     
787                   (16, 26)              (22, 31)              2                     2                     5                     
788                   (16, 26)              (22, 32)              1                     1                     7                     
788                   (16, 26)              (22, 32)              1                     2                     6                     
788                   (16, 26)              (22, 32)              2                     1                     7                     
788                   (16, 26)              (22, 32)              2                     2                     5                     
789                   (16, 26)              (22, 33)              1                     1                     8                     
789                   (16, 26)              (22, 33)              1                     2                     7                     
789                   (16, 26)              (22, 33)              2                     1                     8                     
789                   (16, 26)              (22, 33)              2                     2                     6                     
790                   (16, 26)              (22, 34)              1                     1                     9                     
790                   (16, 26)              (22, 34)              1                     2                     8                     
790                   (16, 26)              (22, 34)              2                     1                     9                     
790                   (16, 26)              (22, 34)              2                     2                     7                     
791                   (16, 26)              (23, 30)              1                     1                     8                     
791                   (16, 26)              (23, 30)              1                     2                     7                     
791                   (16, 26)              (23, 30)              2                     1                     8                     
791                   (16, 26)              (23, 30)              2                     2                     6                     
792                   (16, 26)              (23, 31)              1                     1                     8                     
792                   (16, 26)              (23, 31)              1                     2                     7                     
792                   (16, 26)              (23, 31)              2                     1                     8                     
792                   (16, 26)              (23, 31)              2                     2                     6                     
793                   (16, 26)              (23, 32)              1                     1                     8                     
793                   (16, 26)              (23, 32)              1                     2                     7                     
793                   (16, 26)              (23, 32)              2                     1                     8                     
793                   (16, 26)              (23, 32)              2                     2                     6                     
794                   (16, 26)              (23, 33)              1                     1                     8                     
794                   (16, 26)              (23, 33)              1                     2                     7                     
794                   (16, 26)              (23, 33)              2                     1                     8                     
794                   (16, 26)              (23, 33)              2                     2                     6                     
795                   (16, 26)              (23, 34)              1                     1                     9                     
795                   (16, 26)              (23, 34)              1                     2                     8                     
795                   (16, 26)              (23, 34)              2                     1                     9                     
795                   (16, 26)              (23, 34)              2                     2                     7                     
796                   (16, 26)              (24, 30)              1                     1                     9                     
796                   (16, 26)              (24, 30)              1                     2                     8                     
796                   (16, 26)              (24, 30)              2                     1                     9                     
796                   (16, 26)              (24, 30)              2                     2                     7                     
797                   (16, 26)              (24, 31)              1                     1                     9                     
797                   (16, 26)              (24, 31)              1                     2                     8                     
797                   (16, 26)              (24, 31)              2                     1                     9                     
797                   (16, 26)              (24, 31)              2                     2                     7                     
798                   (16, 26)              (24, 32)              1                     1                     9                     
798                   (16, 26)              (24, 32)              1                     2                     8                     
798                   (16, 26)              (24, 32)              2                     1                     9                     
798                   (16, 26)              (24, 32)              2                     2                     7                     
799                   (16, 26)              (24, 33)              1                     1                     9                     
799                   (16, 26)              (24, 33)              1                     2                     8                     
799                   (16, 26)              (24, 33)              2                     1                     9                     
799                   (16, 26)              (24, 33)              2                     2                     7                     
800                   (16, 26)              (24, 34)              1                     1                     9                     
800                   (16, 26)              (24, 34)              1                     2                     8                     
800                   (16, 26)              (24, 34)              2                     1                     9                     
800                   (16, 26)              (24, 34)              2                     2                     7                     
801                   (16, 27)              (20, 30)              1                     1                     5                     
801                   (16, 27)              (20, 30)              1                     2                     4                     
801                   (16, 27)              (20, 30)              2                     1                     5                     
801                   (16, 27)              (20, 30)              2                     2                     4                     
802                   (16, 27)              (20, 31)              1                     1                     5                     
802                   (16, 27)              (20, 31)              1                     2                     4                     
802                   (16, 27)              (20, 31)              2                     1                     5                     
802                   (16, 27)              (20, 31)              2                     2                     3                     
803                   (16, 27)              (20, 32)              1                     1                     6                     
803                   (16, 27)              (20, 32)              1                     2                     5                     
803                   (16, 27)              (20, 32)              2                     1                     6                     
803                   (16, 27)              (20, 32)              2                     2                     4                     
804                   (16, 27)              (20, 33)              1                     1                     7                     
804                   (16, 27)              (20, 33)              1                     2                     6                     
804                   (16, 27)              (20, 33)              2                     1                     7                     
804                   (16, 27)              (20, 33)              2                     2                     5                     
805                   (16, 27)              (20, 34)              1                     1                     8                     
805                   (16, 27)              (20, 34)              1                     2                     7                     
805                   (16, 27)              (20, 34)              2                     1                     8                     
805                   (16, 27)              (20, 34)              2                     2                     6                     
806                   (16, 27)              (21, 30)              1                     1                     6                     
806                   (16, 27)              (21, 30)              1                     2                     5                     
806                   (16, 27)              (21, 30)              2                     1                     6                     
806                   (16, 27)              (21, 30)              2                     2                     4                     
807                   (16, 27)              (21, 31)              1                     1                     6                     
807                   (16, 27)              (21, 31)              1                     2                     5                     
807                   (16, 27)              (21, 31)              2                     1                     6                     
807                   (16, 27)              (21, 31)              2                     2                     4                     
808                   (16, 27)              (21, 32)              1                     1                     6                     
808                   (16, 27)              (21, 32)              1                     2                     5                     
808                   (16, 27)              (21, 32)              2                     1                     6                     
808                   (16, 27)              (21, 32)              2                     2                     4                     
809                   (16, 27)              (21, 33)              1                     1                     7                     
809                   (16, 27)              (21, 33)              1                     2                     6                     
809                   (16, 27)              (21, 33)              2                     1                     7                     
809                   (16, 27)              (21, 33)              2                     2                     5                     
810                   (16, 27)              (21, 34)              1                     1                     8                     
810                   (16, 27)              (21, 34)              1                     2                     7                     
810                   (16, 27)              (21, 34)              2                     1                     8                     
810                   (16, 27)              (21, 34)              2                     2                     6                     
811                   (16, 27)              (22, 30)              1                     1                     7                     
811                   (16, 27)              (22, 30)              1                     2                     6                     
811                   (16, 27)              (22, 30)              2                     1                     7                     
811                   (16, 27)              (22, 30)              2                     2                     5                     
812                   (16, 27)              (22, 31)              1                     1                     7                     
812                   (16, 27)              (22, 31)              1                     2                     6                     
812                   (16, 27)              (22, 31)              2                     1                     7                     
812                   (16, 27)              (22, 31)              2                     2                     5                     
813                   (16, 27)              (22, 32)              1                     1                     7                     
813                   (16, 27)              (22, 32)              1                     2                     6                     
813                   (16, 27)              (22, 32)              2                     1                     7                     
813                   (16, 27)              (22, 32)              2                     2                     5                     
814                   (16, 27)              (22, 33)              1                     1                     7                     
814                   (16, 27)              (22, 33)              1                     2                     6                     
814                   (16, 27)              (22, 33)              2                     1                     7                     
814                   (16, 27)              (22, 33)              2                     2                     5                     
815                   (16, 27)              (22, 34)              1                     1                     8                     
815                   (16, 27)              (22, 34)              1                     2                     7                     
815                   (16, 27)              (22, 34)              2                     1                     8                     
815                   (16, 27)              (22, 34)              2                     2                     6                     
816                   (16, 27)              (23, 30)              1                     1                     8                     
816                   (16, 27)              (23, 30)              1                     2                     7                     
816                   (16, 27)              (23, 30)              2                     1                     8                     
816                   (16, 27)              (23, 30)              2                     2                     6                     
817                   (16, 27)              (23, 31)              1                     1                     8                     
817                   (16, 27)              (23, 31)              1                     2                     7                     
817                   (16, 27)              (23, 31)              2                     1                     8                     
817                   (16, 27)              (23, 31)              2                     2                     6                     
818                   (16, 27)              (23, 32)              1                     1                     8                     
818                   (16, 27)              (23, 32)              1                     2                     7                     
818                   (16, 27)              (23, 32)              2                     1                     8                     
818                   (16, 27)              (23, 32)              2                     2                     6                     
819                   (16, 27)              (23, 33)              1                     1                     8                     
819                   (16, 27)              (23, 33)              1                     2                     7                     
819                   (16, 27)              (23, 33)              2                     1                     8                     
819                   (16, 27)              (23, 33)              2                     2                     6                     
820                   (16, 27)              (23, 34)              1                     1                     8                     
820                   (16, 27)              (23, 34)              1                     2                     7                     
820                   (16, 27)              (23, 34)              2                     1                     8                     
820                   (16, 27)              (23, 34)              2                     2                     6                     
821                   (16, 27)              (24, 30)              1                     1                     9                     
821                   (16, 27)              (24, 30)              1                     2                     8                     
821                   (16, 27)              (24, 30)              2                     1                     9                     
821                   (16, 27)              (24, 30)              2                     2                     7                     
822                   (16, 27)              (24, 31)              1                     1                     9                     
822                   (16, 27)              (24, 31)              1                     2                     8                     
822                   (16, 27)              (24, 31)              2                     1                     9                     
822                   (16, 27)              (24, 31)              2                     2                     7                     
823                   (16, 27)              (24, 32)              1                     1                     9                     
823                   (16, 27)              (24, 32)              1                     2                     8                     
823                   (16, 27)              (24, 32)              2                     1                     9                     
823                   (16, 27)              (24, 32)              2                     2                     7                     
824                   (16, 27)              (24, 33)              1                     1                     9                     
824                   (16, 27)              (24, 33)              1                     2                     8                     
824                   (16, 27)              (24, 33)              2                     1                     9                     
824                   (16, 27)              (24, 33)              2                     2                     7                     
825                   (16, 27)              (24, 34)              1                     1                     9                     
825                   (16, 27)              (24, 34)              1                     2                     8                     
825                   (16, 27)              (24, 34)              2                     1                     9                     
825                   (16, 27)              (24, 34)              2                     2                     7                     
826                   (16, 28)              (20, 30)              1                     1                     5                     
826                   (16, 28)              (20, 30)              1                     2                     4                     
826                   (16, 28)              (20, 30)              2                     1                     5                     
826                   (16, 28)              (20, 30)              2                     2                     3                     
827                   (16, 28)              (20, 31)              1                     1                     5                     
827                   (16, 28)              (20, 31)              1                     2                     4                     
827                   (16, 28)              (20, 31)              2                     1                     5                     
827                   (16, 28)              (20, 31)              2                     2                     4                     
828                   (16, 28)              (20, 32)              1                     1                     5                     
828                   (16, 28)              (20, 32)              1                     2                     4                     
828                   (16, 28)              (20, 32)              2                     1                     5                     
828                   (16, 28)              (20, 32)              2                     2                     3                     
829                   (16, 28)              (20, 33)              1                     1                     6                     
829                   (16, 28)              (20, 33)              1                     2                     5                     
829                   (16, 28)              (20, 33)              2                     1                     6                     
829                   (16, 28)              (20, 33)              2                     2                     4                     
830                   (16, 28)              (20, 34)              1                     1                     7                     
830                   (16, 28)              (20, 34)              1                     2                     6                     
830                   (16, 28)              (20, 34)              2                     1                     7                     
830                   (16, 28)              (20, 34)              2                     2                     5                     
831                   (16, 28)              (21, 30)              1                     1                     6                     
831                   (16, 28)              (21, 30)              1                     2                     5                     
831                   (16, 28)              (21, 30)              2                     1                     6                     
831                   (16, 28)              (21, 30)              2                     2                     4                     
832                   (16, 28)              (21, 31)              1                     1                     6                     
832                   (16, 28)              (21, 31)              1                     2                     5                     
832                   (16, 28)              (21, 31)              2                     1                     6                     
832                   (16, 28)              (21, 31)              2                     2                     4                     
833                   (16, 28)              (21, 32)              1                     1                     6                     
833                   (16, 28)              (21, 32)              1                     2                     5                     
833                   (16, 28)              (21, 32)              2                     1                     6                     
833                   (16, 28)              (21, 32)              2                     2                     4                     
834                   (16, 28)              (21, 33)              1                     1                     6                     
834                   (16, 28)              (21, 33)              1                     2                     5                     
834                   (16, 28)              (21, 33)              2                     1                     6                     
834                   (16, 28)              (21, 33)              2                     2                     4                     
835                   (16, 28)              (21, 34)              1                     1                     7                     
835                   (16, 28)              (21, 34)              1                     2                     6                     
835                   (16, 28)              (21, 34)              2                     1                     7                     
835                   (16, 28)              (21, 34)              2                     2                     5                     
836                   (16, 28)              (22, 30)              1                     1                     7                     
836                   (16, 28)              (22, 30)              1                     2                     6                     
836                   (16, 28)              (22, 30)              2                     1                     7                     
836                   (16, 28)              (22, 30)              2                     2                     5                     
837                   (16, 28)              (22, 31)              1                     1                     7                     
837                   (16, 28)              (22, 31)              1                     2                     6                     
837                   (16, 28)              (22, 31)              2                     1                     7                     
837                   (16, 28)              (22, 31)              2                     2                     5                     
838                   (16, 28)              (22, 32)              1                     1                     7                     
838                   (16, 28)              (22, 32)              1                     2                     6                     
838                   (16, 28)              (22, 32)              2                     1                     7                     
838                   (16, 28)              (22, 32)              2                     2                     5                     
839                   (16, 28)              (22, 33)              1                     1                     7                     
839                   (16, 28)              (22, 33)              1                     2                     6                     
839                   (16, 28)              (22, 33)              2                     1                     7                     
839                   (16, 28)              (22, 33)              2                     2                     5                     
840                   (16, 28)              (22, 34)              1                     1                     7                     
840                   (16, 28)              (22, 34)              1                     2                     6                     
840                   (16, 28)              (22, 34)              2                     1                     7                     
840                   (16, 28)              (22, 34)              2                     2                     5                     
841                   (16, 28)              (23, 30)              1                     1                     8                     
841                   (16, 28)              (23, 30)              1                     2                     7                     
841                   (16, 28)              (23, 30)              2                     1                     8                     
841                   (16, 28)              (23, 30)              2                     2                     6                     
842                   (16, 28)              (23, 31)              1                     1                     8                     
842                   (16, 28)              (23, 31)              1                     2                     7                     
842                   (16, 28)              (23, 31)              2                     1                     8                     
842                   (16, 28)              (23, 31)              2                     2                     6                     
843                   (16, 28)              (23, 32)              1                     1                     8                     
843                   (16, 28)              (23, 32)              1                     2                     7                     
843                   (16, 28)              (23, 32)              2                     1                     8                     
843                   (16, 28)              (23, 32)              2                     2                     6                     
844                   (16, 28)              (23, 33)              1                     1                     8                     
844                   (16, 28)              (23, 33)              1                     2                     7                     
844                   (16, 28)              (23, 33)              2                     1                     8                     
844                   (16, 28)              (23, 33)              2                     2                     6                     
845                   (16, 28)              (23, 34)              1                     1                     8                     
845                   (16, 28)              (23, 34)              1                     2                     7                     
845                   (16, 28)              (23, 34)              2                     1                     8                     
845                   (16, 28)              (23, 34)              2                     2                     6                     
846                   (16, 28)              (24, 30)              1                     1                     9                     
846                   (16, 28)              (24, 30)              1                     2                     8                     
846                   (16, 28)              (24, 30)              2                     1                     9                     
846                   (16, 28)              (24, 30)              2                     2                     7                     
847                   (16, 28)              (24, 31)              1                     1                     9                     
847                   (16, 28)              (24, 31)              1                     2                     8                     
847                   (16, 28)              (24, 31)              2                     1                     9                     
847                   (16, 28)              (24, 31)              2                     2                     7                     
848                   (16, 28)              (24, 32)              1                     1                     9                     
848                   (16, 28)              (24, 32)              1                     2                     8                     
848                   (16, 28)              (24, 32)              2                     1                     9                     
848                   (16, 28)              (24, 32)              2                     2                     7                     
849                   (16, 28)              (24, 33)              1                     1                     9                     
849                   (16, 28)              (24, 33)              1                     2                     8                     
849                   (16, 28)              (24, 33)              2                     1                     9                     
849                   (16, 28)              (24, 33)              2                     2                     7                     
850                   (16, 28)              (24, 34)              1                     1                     9                     
850                   (16, 28)              (24, 34)              1                     2                     8                     
850                   (16, 28)              (24, 34)              2                     1                     9                     
850                   (16, 28)              (24, 34)              2                     2                     7                     
851                   (16, 29)              (20, 30)              1                     1                     5                     
851                   (16, 29)              (20, 30)              1                     2                     4                     
851                   (16, 29)              (20, 30)              2                     1                     5                     
851                   (16, 29)              (20, 30)              2                     2                     4                     
852                   (16, 29)              (20, 31)              1                     1                     5                     
852                   (16, 29)              (20, 31)              1                     2                     4                     
852                   (16, 29)              (20, 31)              2                     1                     5                     
852                   (16, 29)              (20, 31)              2                     2                     3                     
853                   (16, 29)              (20, 32)              1                     1                     5                     
853                   (16, 29)              (20, 32)              1                     2                     4                     
853                   (16, 29)              (20, 32)              2                     1                     5                     
853                   (16, 29)              (20, 32)              2                     2                     4                     
854                   (16, 29)              (20, 33)              1                     1                     5                     
854                   (16, 29)              (20, 33)              1                     2                     4                     
854                   (16, 29)              (20, 33)              2                     1                     5                     
854                   (16, 29)              (20, 33)              2                     2                     3                     
855                   (16, 29)              (20, 34)              1                     1                     6                     
855                   (16, 29)              (20, 34)              1                     2                     5                     
855                   (16, 29)              (20, 34)              2                     1                     6                     
855                   (16, 29)              (20, 34)              2                     2                     4                     
856                   (16, 29)              (21, 30)              1                     1                     6                     
856                   (16, 29)              (21, 30)              1                     2                     5                     
856                   (16, 29)              (21, 30)              2                     1                     6                     
856                   (16, 29)              (21, 30)              2                     2                     4                     
857                   (16, 29)              (21, 31)              1                     1                     6                     
857                   (16, 29)              (21, 31)              1                     2                     5                     
857                   (16, 29)              (21, 31)              2                     1                     6                     
857                   (16, 29)              (21, 31)              2                     2                     4                     
858                   (16, 29)              (21, 32)              1                     1                     6                     
858                   (16, 29)              (21, 32)              1                     2                     5                     
858                   (16, 29)              (21, 32)              2                     1                     6                     
858                   (16, 29)              (21, 32)              2                     2                     4                     
859                   (16, 29)              (21, 33)              1                     1                     6                     
859                   (16, 29)              (21, 33)              1                     2                     5                     
859                   (16, 29)              (21, 33)              2                     1                     6                     
859                   (16, 29)              (21, 33)              2                     2                     4                     
860                   (16, 29)              (21, 34)              1                     1                     6                     
860                   (16, 29)              (21, 34)              1                     2                     5                     
860                   (16, 29)              (21, 34)              2                     1                     6                     
860                   (16, 29)              (21, 34)              2                     2                     4                     
861                   (16, 29)              (22, 30)              1                     1                     7                     
861                   (16, 29)              (22, 30)              1                     2                     6                     
861                   (16, 29)              (22, 30)              2                     1                     7                     
861                   (16, 29)              (22, 30)              2                     2                     5                     
862                   (16, 29)              (22, 31)              1                     1                     7                     
862                   (16, 29)              (22, 31)              1                     2                     6                     
862                   (16, 29)              (22, 31)              2                     1                     7                     
862                   (16, 29)              (22, 31)              2                     2                     5                     
863                   (16, 29)              (22, 32)              1                     1                     7                     
863                   (16, 29)              (22, 32)              1                     2                     6                     
863                   (16, 29)              (22, 32)              2                     1                     7                     
863                   (16, 29)              (22, 32)              2                     2                     5                     
864                   (16, 29)              (22, 33)              1                     1                     7                     
864                   (16, 29)              (22, 33)              1                     2                     6                     
864                   (16, 29)              (22, 33)              2                     1                     7                     
864                   (16, 29)              (22, 33)              2                     2                     5                     
865                   (16, 29)              (22, 34)              1                     1                     7                     
865                   (16, 29)              (22, 34)              1                     2                     6                     
865                   (16, 29)              (22, 34)              2                     1                     7                     
865                   (16, 29)              (22, 34)              2                     2                     5                     
866                   (16, 29)              (23, 30)              1                     1                     8                     
866                   (16, 29)              (23, 30)              1                     2                     7                     
866                   (16, 29)              (23, 30)              2                     1                     8                     
866                   (16, 29)              (23, 30)              2                     2                     6                     
867                   (16, 29)              (23, 31)              1                     1                     8                     
867                   (16, 29)              (23, 31)              1                     2                     7                     
867                   (16, 29)              (23, 31)              2                     1                     8                     
867                   (16, 29)              (23, 31)              2                     2                     6                     
868                   (16, 29)              (23, 32)              1                     1                     8                     
868                   (16, 29)              (23, 32)              1                     2                     7                     
868                   (16, 29)              (23, 32)              2                     1                     8                     
868                   (16, 29)              (23, 32)              2                     2                     6                     
869                   (16, 29)              (23, 33)              1                     1                     8                     
869                   (16, 29)              (23, 33)              1                     2                     7                     
869                   (16, 29)              (23, 33)              2                     1                     8                     
869                   (16, 29)              (23, 33)              2                     2                     6                     
870                   (16, 29)              (23, 34)              1                     1                     8                     
870                   (16, 29)              (23, 34)              1                     2                     7                     
870                   (16, 29)              (23, 34)              2                     1                     8                     
870                   (16, 29)              (23, 34)              2                     2                     6                     
871                   (16, 29)              (24, 30)              1                     1                     9                     
871                   (16, 29)              (24, 30)              1                     2                     8                     
871                   (16, 29)              (24, 30)              2                     1                     9                     
871                   (16, 29)              (24, 30)              2                     2                     7                     
872                   (16, 29)              (24, 31)              1                     1                     9                     
872                   (16, 29)              (24, 31)              1                     2                     8                     
872                   (16, 29)              (24, 31)              2                     1                     9                     
872                   (16, 29)              (24, 31)              2                     2                     7                     
873                   (16, 29)              (24, 32)              1                     1                     9                     
873                   (16, 29)              (24, 32)              1                     2                     8                     
873                   (16, 29)              (24, 32)              2                     1                     9                     
873                   (16, 29)              (24, 32)              2                     2                     7                     
874                   (16, 29)              (24, 33)              1                     1                     9                     
874                   (16, 29)              (24, 33)              1                     2                     8                     
874                   (16, 29)              (24, 33)              2                     1                     9                     
874                   (16, 29)              (24, 33)              2                     2                     7                     
875                   (16, 29)              (24, 34)              1                     1                     9                     
875                   (16, 29)              (24, 34)              1                     2                     8                     
875                   (16, 29)              (24, 34)              2                     1                     9                     
875                   (16, 29)              (24, 34)              2                     2                     7                     
876                   (17, 25)              (20, 30)              1                     1                     6                     
876                   (17, 25)              (20, 30)              1                     2                     5                     
876                   (17, 25)              (20, 30)              2                     1                     6                     
876                   (17, 25)              (20, 30)              2                     2                     4                     
877                   (17, 25)              (20, 31)              1                     1                     7                     
877                   (17, 25)              (20, 31)              1                     2                     6                     
877                   (17, 25)              (20, 31)              2                     1                     7                     
877                   (17, 25)              (20, 31)              2                     2                     5                     
878                   (17, 25)              (20, 32)              1                     1                     8                     
878                   (17, 25)              (20, 32)              1                     2                     7                     
878                   (17, 25)              (20, 32)              2                     1                     8                     
878                   (17, 25)              (20, 32)              2                     2                     6                     
879                   (17, 25)              (20, 33)              1                     1                     9                     
879                   (17, 25)              (20, 33)              1                     2                     8                     
879                   (17, 25)              (20, 33)              2                     1                     9                     
879                   (17, 25)              (20, 33)              2                     2                     7                     
880                   (17, 25)              (20, 34)              1                     1                     10                    
880                   (17, 25)              (20, 34)              1                     2                     9                     
880                   (17, 25)              (20, 34)              2                     1                     10                    
880                   (17, 25)              (20, 34)              2                     2                     8                     
881                   (17, 25)              (21, 30)              1                     1                     6                     
881                   (17, 25)              (21, 30)              1                     2                     5                     
881                   (17, 25)              (21, 30)              2                     1                     6                     
881                   (17, 25)              (21, 30)              2                     2                     4                     
882                   (17, 25)              (21, 31)              1                     1                     7                     
882                   (17, 25)              (21, 31)              1                     2                     6                     
882                   (17, 25)              (21, 31)              2                     1                     7                     
882                   (17, 25)              (21, 31)              2                     2                     5                     
883                   (17, 25)              (21, 32)              1                     1                     8                     
883                   (17, 25)              (21, 32)              1                     2                     7                     
883                   (17, 25)              (21, 32)              2                     1                     8                     
883                   (17, 25)              (21, 32)              2                     2                     6                     
884                   (17, 25)              (21, 33)              1                     1                     9                     
884                   (17, 25)              (21, 33)              1                     2                     8                     
884                   (17, 25)              (21, 33)              2                     1                     9                     
884                   (17, 25)              (21, 33)              2                     2                     7                     
885                   (17, 25)              (21, 34)              1                     1                     10                    
885                   (17, 25)              (21, 34)              1                     2                     9                     
885                   (17, 25)              (21, 34)              2                     1                     10                    
885                   (17, 25)              (21, 34)              2                     2                     8                     
886                   (17, 25)              (22, 30)              1                     1                     6                     
886                   (17, 25)              (22, 30)              1                     2                     5                     
886                   (17, 25)              (22, 30)              2                     1                     6                     
886                   (17, 25)              (22, 30)              2                     2                     4                     
887                   (17, 25)              (22, 31)              1                     1                     7                     
887                   (17, 25)              (22, 31)              1                     2                     6                     
887                   (17, 25)              (22, 31)              2                     1                     7                     
887                   (17, 25)              (22, 31)              2                     2                     5                     
888                   (17, 25)              (22, 32)              1                     1                     8                     
888                   (17, 25)              (22, 32)              1                     2                     7                     
888                   (17, 25)              (22, 32)              2                     1                     8                     
888                   (17, 25)              (22, 32)              2                     2                     6                     
889                   (17, 25)              (22, 33)              1                     1                     9                     
889                   (17, 25)              (22, 33)              1                     2                     8                     
889                   (17, 25)              (22, 33)              2                     1                     9                     
889                   (17, 25)              (22, 33)              2                     2                     7                     
890                   (17, 25)              (22, 34)              1                     1                     10                    
890                   (17, 25)              (22, 34)              1                     2                     9                     
890                   (17, 25)              (22, 34)              2                     1                     10                    
890                   (17, 25)              (22, 34)              2                     2                     8                     
891                   (17, 25)              (23, 30)              1                     1                     7                     
891                   (17, 25)              (23, 30)              1                     2                     6                     
891                   (17, 25)              (23, 30)              2                     1                     7                     
891                   (17, 25)              (23, 30)              2                     2                     5                     
892                   (17, 25)              (23, 31)              1                     1                     7                     
892                   (17, 25)              (23, 31)              1                     2                     6                     
892                   (17, 25)              (23, 31)              2                     1                     7                     
892                   (17, 25)              (23, 31)              2                     2                     5                     
893                   (17, 25)              (23, 32)              1                     1                     8                     
893                   (17, 25)              (23, 32)              1                     2                     7                     
893                   (17, 25)              (23, 32)              2                     1                     8                     
893                   (17, 25)              (23, 32)              2                     2                     6                     
894                   (17, 25)              (23, 33)              1                     1                     9                     
894                   (17, 25)              (23, 33)              1                     2                     8                     
894                   (17, 25)              (23, 33)              2                     1                     9                     
894                   (17, 25)              (23, 33)              2                     2                     7                     
895                   (17, 25)              (23, 34)              1                     1                     10                    
895                   (17, 25)              (23, 34)              1                     2                     9                     
895                   (17, 25)              (23, 34)              2                     1                     10                    
895                   (17, 25)              (23, 34)              2                     2                     8                     
896                   (17, 25)              (24, 30)              1                     1                     8                     
896                   (17, 25)              (24, 30)              1                     2                     7                     
896                   (17, 25)              (24, 30)              2                     1                     8                     
896                   (17, 25)              (24, 30)              2                     2                     6                     
897                   (17, 25)              (24, 31)              1                     1                     8                     
897                   (17, 25)              (24, 31)              1                     2                     7                     
897                   (17, 25)              (24, 31)              2                     1                     8                     
897                   (17, 25)              (24, 31)              2                     2                     6                     
898                   (17, 25)              (24, 32)              1                     1                     8                     
898                   (17, 25)              (24, 32)              1                     2                     7                     
898                   (17, 25)              (24, 32)              2                     1                     8                     
898                   (17, 25)              (24, 32)              2                     2                     6                     
899                   (17, 25)              (24, 33)              1                     1                     9                     
899                   (17, 25)              (24, 33)              1                     2                     8                     
899                   (17, 25)              (24, 33)              2                     1                     9                     
899                   (17, 25)              (24, 33)              2                     2                     7                     
900                   (17, 25)              (24, 34)              1                     1                     10                    
900                   (17, 25)              (24, 34)              1                     2                     9                     
900                   (17, 25)              (24, 34)              2                     1                     10                    
900                   (17, 25)              (24, 34)              2                     2                     8                     
901                   (17, 26)              (20, 30)              1                     1                     5                     
901                   (17, 26)              (20, 30)              1                     2                     4                     
901                   (17, 26)              (20, 30)              2                     1                     5                     
901                   (17, 26)              (20, 30)              2                     2                     4                     
902                   (17, 26)              (20, 31)              1                     1                     6                     
902                   (17, 26)              (20, 31)              1                     2                     5                     
902                   (17, 26)              (20, 31)              2                     1                     6                     
902                   (17, 26)              (20, 31)              2                     2                     4                     
903                   (17, 26)              (20, 32)              1                     1                     7                     
903                   (17, 26)              (20, 32)              1                     2                     6                     
903                   (17, 26)              (20, 32)              2                     1                     7                     
903                   (17, 26)              (20, 32)              2                     2                     5                     
904                   (17, 26)              (20, 33)              1                     1                     8                     
904                   (17, 26)              (20, 33)              1                     2                     7                     
904                   (17, 26)              (20, 33)              2                     1                     8                     
904                   (17, 26)              (20, 33)              2                     2                     6                     
905                   (17, 26)              (20, 34)              1                     1                     9                     
905                   (17, 26)              (20, 34)              1                     2                     8                     
905                   (17, 26)              (20, 34)              2                     1                     9                     
905                   (17, 26)              (20, 34)              2                     2                     7                     
906                   (17, 26)              (21, 30)              1                     1                     5                     
906                   (17, 26)              (21, 30)              1                     2                     4                     
906                   (17, 26)              (21, 30)              2                     1                     5                     
906                   (17, 26)              (21, 30)              2                     2                     3                     
907                   (17, 26)              (21, 31)              1                     1                     6                     
907                   (17, 26)              (21, 31)              1                     2                     5                     
907                   (17, 26)              (21, 31)              2                     1                     6                     
907                   (17, 26)              (21, 31)              2                     2                     4                     
908                   (17, 26)              (21, 32)              1                     1                     7                     
908                   (17, 26)              (21, 32)              1                     2                     6                     
908                   (17, 26)              (21, 32)              2                     1                     7                     
908                   (17, 26)              (21, 32)              2                     2                     5                     
909                   (17, 26)              (21, 33)              1                     1                     8                     
909                   (17, 26)              (21, 33)              1                     2                     7                     
909                   (17, 26)              (21, 33)              2                     1                     8                     
909                   (17, 26)              (21, 33)              2                     2                     6                     
910                   (17, 26)              (21, 34)              1                     1                     9                     
910                   (17, 26)              (21, 34)              1                     2                     8                     
910                   (17, 26)              (21, 34)              2                     1                     9                     
910                   (17, 26)              (21, 34)              2                     2                     7                     
911                   (17, 26)              (22, 30)              1                     1                     6                     
911                   (17, 26)              (22, 30)              1                     2                     5                     
911                   (17, 26)              (22, 30)              2                     1                     6                     
911                   (17, 26)              (22, 30)              2                     2                     4                     
912                   (17, 26)              (22, 31)              1                     1                     6                     
912                   (17, 26)              (22, 31)              1                     2                     5                     
912                   (17, 26)              (22, 31)              2                     1                     6                     
912                   (17, 26)              (22, 31)              2                     2                     4                     
913                   (17, 26)              (22, 32)              1                     1                     7                     
913                   (17, 26)              (22, 32)              1                     2                     6                     
913                   (17, 26)              (22, 32)              2                     1                     7                     
913                   (17, 26)              (22, 32)              2                     2                     5                     
914                   (17, 26)              (22, 33)              1                     1                     8                     
914                   (17, 26)              (22, 33)              1                     2                     7                     
914                   (17, 26)              (22, 33)              2                     1                     8                     
914                   (17, 26)              (22, 33)              2                     2                     6                     
915                   (17, 26)              (22, 34)              1                     1                     9                     
915                   (17, 26)              (22, 34)              1                     2                     8                     
915                   (17, 26)              (22, 34)              2                     1                     9                     
915                   (17, 26)              (22, 34)              2                     2                     7                     
916                   (17, 26)              (23, 30)              1                     1                     7                     
916                   (17, 26)              (23, 30)              1                     2                     6                     
916                   (17, 26)              (23, 30)              2                     1                     7                     
916                   (17, 26)              (23, 30)              2                     2                     5                     
917                   (17, 26)              (23, 31)              1                     1                     7                     
917                   (17, 26)              (23, 31)              1                     2                     6                     
917                   (17, 26)              (23, 31)              2                     1                     7                     
917                   (17, 26)              (23, 31)              2                     2                     5                     
918                   (17, 26)              (23, 32)              1                     1                     7                     
918                   (17, 26)              (23, 32)              1                     2                     6                     
918                   (17, 26)              (23, 32)              2                     1                     7                     
918                   (17, 26)              (23, 32)              2                     2                     5                     
919                   (17, 26)              (23, 33)              1                     1                     8                     
919                   (17, 26)              (23, 33)              1                     2                     7                     
919                   (17, 26)              (23, 33)              2                     1                     8                     
919                   (17, 26)              (23, 33)              2                     2                     6                     
920                   (17, 26)              (23, 34)              1                     1                     9                     
920                   (17, 26)              (23, 34)              1                     2                     8                     
920                   (17, 26)              (23, 34)              2                     1                     9                     
920                   (17, 26)              (23, 34)              2                     2                     7                     
921                   (17, 26)              (24, 30)              1                     1                     8                     
921                   (17, 26)              (24, 30)              1                     2                     7                     
921                   (17, 26)              (24, 30)              2                     1                     8                     
921                   (17, 26)              (24, 30)              2                     2                     6                     
922                   (17, 26)              (24, 31)              1                     1                     8                     
922                   (17, 26)              (24, 31)              1                     2                     7                     
922                   (17, 26)              (24, 31)              2                     1                     8                     
922                   (17, 26)              (24, 31)              2                     2                     6                     
923                   (17, 26)              (24, 32)              1                     1                     8                     
923                   (17, 26)              (24, 32)              1                     2                     7                     
923                   (17, 26)              (24, 32)              2                     1                     8                     
923                   (17, 26)              (24, 32)              2                     2                     6                     
924                   (17, 26)              (24, 33)              1                     1                     8                     
924                   (17, 26)              (24, 33)              1                     2                     7                     
924                   (17, 26)              (24, 33)              2                     1                     8                     
924                   (17, 26)              (24, 33)              2                     2                     6                     
925                   (17, 26)              (24, 34)              1                     1                     9                     
925                   (17, 26)              (24, 34)              1                     2                     8                     
925                   (17, 26)              (24, 34)              2                     1                     9                     
925                   (17, 26)              (24, 34)              2                     2                     7                     
926                   (17, 27)              (20, 30)              1                     1                     4                     
926                   (17, 27)              (20, 30)              1                     2                     3                     
926                   (17, 27)              (20, 30)              2                     1                     4                     
926                   (17, 27)              (20, 30)              2                     2                     4                     
927                   (17, 27)              (20, 31)              1                     1                     5                     
927                   (17, 27)              (20, 31)              1                     2                     4                     
927                   (17, 27)              (20, 31)              2                     1                     5                     
927                   (17, 27)              (20, 31)              2                     2                     4                     
928                   (17, 27)              (20, 32)              1                     1                     6                     
928                   (17, 27)              (20, 32)              1                     2                     5                     
928                   (17, 27)              (20, 32)              2                     1                     6                     
928                   (17, 27)              (20, 32)              2                     2                     4                     
929                   (17, 27)              (20, 33)              1                     1                     7                     
929                   (17, 27)              (20, 33)              1                     2                     6                     
929                   (17, 27)              (20, 33)              2                     1                     7                     
929                   (17, 27)              (20, 33)              2                     2                     5                     
930                   (17, 27)              (20, 34)              1                     1                     8                     
930                   (17, 27)              (20, 34)              1                     2                     7                     
930                   (17, 27)              (20, 34)              2                     1                     8                     
930                   (17, 27)              (20, 34)              2                     2                     6                     
931                   (17, 27)              (21, 30)              1                     1                     5                     
931                   (17, 27)              (21, 30)              1                     2                     4                     
931                   (17, 27)              (21, 30)              2                     1                     5                     
931                   (17, 27)              (21, 30)              2                     2                     4                     
932                   (17, 27)              (21, 31)              1                     1                     5                     
932                   (17, 27)              (21, 31)              1                     2                     4                     
932                   (17, 27)              (21, 31)              2                     1                     5                     
932                   (17, 27)              (21, 31)              2                     2                     3                     
933                   (17, 27)              (21, 32)              1                     1                     6                     
933                   (17, 27)              (21, 32)              1                     2                     5                     
933                   (17, 27)              (21, 32)              2                     1                     6                     
933                   (17, 27)              (21, 32)              2                     2                     4                     
934                   (17, 27)              (21, 33)              1                     1                     7                     
934                   (17, 27)              (21, 33)              1                     2                     6                     
934                   (17, 27)              (21, 33)              2                     1                     7                     
934                   (17, 27)              (21, 33)              2                     2                     5                     
935                   (17, 27)              (21, 34)              1                     1                     8                     
935                   (17, 27)              (21, 34)              1                     2                     7                     
935                   (17, 27)              (21, 34)              2                     1                     8                     
935                   (17, 27)              (21, 34)              2                     2                     6                     
936                   (17, 27)              (22, 30)              1                     1                     6                     
936                   (17, 27)              (22, 30)              1                     2                     5                     
936                   (17, 27)              (22, 30)              2                     1                     6                     
936                   (17, 27)              (22, 30)              2                     2                     4                     
937                   (17, 27)              (22, 31)              1                     1                     6                     
937                   (17, 27)              (22, 31)              1                     2                     5                     
937                   (17, 27)              (22, 31)              2                     1                     6                     
937                   (17, 27)              (22, 31)              2                     2                     4                     
938                   (17, 27)              (22, 32)              1                     1                     6                     
938                   (17, 27)              (22, 32)              1                     2                     5                     
938                   (17, 27)              (22, 32)              2                     1                     6                     
938                   (17, 27)              (22, 32)              2                     2                     4                     
939                   (17, 27)              (22, 33)              1                     1                     7                     
939                   (17, 27)              (22, 33)              1                     2                     6                     
939                   (17, 27)              (22, 33)              2                     1                     7                     
939                   (17, 27)              (22, 33)              2                     2                     5                     
940                   (17, 27)              (22, 34)              1                     1                     8                     
940                   (17, 27)              (22, 34)              1                     2                     7                     
940                   (17, 27)              (22, 34)              2                     1                     8                     
940                   (17, 27)              (22, 34)              2                     2                     6                     
941                   (17, 27)              (23, 30)              1                     1                     7                     
941                   (17, 27)              (23, 30)              1                     2                     6                     
941                   (17, 27)              (23, 30)              2                     1                     7                     
941                   (17, 27)              (23, 30)              2                     2                     5                     
942                   (17, 27)              (23, 31)              1                     1                     7                     
942                   (17, 27)              (23, 31)              1                     2                     6                     
942                   (17, 27)              (23, 31)              2                     1                     7                     
942                   (17, 27)              (23, 31)              2                     2                     5                     
943                   (17, 27)              (23, 32)              1                     1                     7                     
943                   (17, 27)              (23, 32)              1                     2                     6                     
943                   (17, 27)              (23, 32)              2                     1                     7                     
943                   (17, 27)              (23, 32)              2                     2                     5                     
944                   (17, 27)              (23, 33)              1                     1                     7                     
944                   (17, 27)              (23, 33)              1                     2                     6                     
944                   (17, 27)              (23, 33)              2                     1                     7                     
944                   (17, 27)              (23, 33)              2                     2                     5                     
945                   (17, 27)              (23, 34)              1                     1                     8                     
945                   (17, 27)              (23, 34)              1                     2                     7                     
945                   (17, 27)              (23, 34)              2                     1                     8                     
945                   (17, 27)              (23, 34)              2                     2                     6                     
946                   (17, 27)              (24, 30)              1                     1                     8                     
946                   (17, 27)              (24, 30)              1                     2                     7                     
946                   (17, 27)              (24, 30)              2                     1                     8                     
946                   (17, 27)              (24, 30)              2                     2                     6                     
947                   (17, 27)              (24, 31)              1                     1                     8                     
947                   (17, 27)              (24, 31)              1                     2                     7                     
947                   (17, 27)              (24, 31)              2                     1                     8                     
947                   (17, 27)              (24, 31)              2                     2                     6                     
948                   (17, 27)              (24, 32)              1                     1                     8                     
948                   (17, 27)              (24, 32)              1                     2                     7                     
948                   (17, 27)              (24, 32)              2                     1                     8                     
948                   (17, 27)              (24, 32)              2                     2                     6                     
949                   (17, 27)              (24, 33)              1                     1                     8                     
949                   (17, 27)              (24, 33)              1                     2                     7                     
949                   (17, 27)              (24, 33)              2                     1                     8                     
949                   (17, 27)              (24, 33)              2                     2                     6                     
950                   (17, 27)              (24, 34)              1                     1                     8                     
950                   (17, 27)              (24, 34)              1                     2                     7                     
950                   (17, 27)              (24, 34)              2                     1                     8                     
950                   (17, 27)              (24, 34)              2                     2                     6                     
951                   (17, 28)              (20, 30)              1                     1                     4                     
951                   (17, 28)              (20, 30)              1                     2                     3                     
951                   (17, 28)              (20, 30)              2                     1                     4                     
951                   (17, 28)              (20, 30)              2                     2                     4                     
952                   (17, 28)              (20, 31)              1                     1                     4                     
952                   (17, 28)              (20, 31)              1                     2                     3                     
952                   (17, 28)              (20, 31)              2                     1                     4                     
952                   (17, 28)              (20, 31)              2                     2                     4                     
953                   (17, 28)              (20, 32)              1                     1                     5                     
953                   (17, 28)              (20, 32)              1                     2                     4                     
953                   (17, 28)              (20, 32)              2                     1                     5                     
953                   (17, 28)              (20, 32)              2                     2                     4                     
954                   (17, 28)              (20, 33)              1                     1                     6                     
954                   (17, 28)              (20, 33)              1                     2                     5                     
954                   (17, 28)              (20, 33)              2                     1                     6                     
954                   (17, 28)              (20, 33)              2                     2                     4                     
955                   (17, 28)              (20, 34)              1                     1                     7                     
955                   (17, 28)              (20, 34)              1                     2                     6                     
955                   (17, 28)              (20, 34)              2                     1                     7                     
955                   (17, 28)              (20, 34)              2                     2                     5                     
956                   (17, 28)              (21, 30)              1                     1                     5                     
956                   (17, 28)              (21, 30)              1                     2                     4                     
956                   (17, 28)              (21, 30)              2                     1                     5                     
956                   (17, 28)              (21, 30)              2                     2                     3                     
957                   (17, 28)              (21, 31)              1                     1                     5                     
957                   (17, 28)              (21, 31)              1                     2                     4                     
957                   (17, 28)              (21, 31)              2                     1                     5                     
957                   (17, 28)              (21, 31)              2                     2                     4                     
958                   (17, 28)              (21, 32)              1                     1                     5                     
958                   (17, 28)              (21, 32)              1                     2                     4                     
958                   (17, 28)              (21, 32)              2                     1                     5                     
958                   (17, 28)              (21, 32)              2                     2                     3                     
959                   (17, 28)              (21, 33)              1                     1                     6                     
959                   (17, 28)              (21, 33)              1                     2                     5                     
959                   (17, 28)              (21, 33)              2                     1                     6                     
959                   (17, 28)              (21, 33)              2                     2                     4                     
960                   (17, 28)              (21, 34)              1                     1                     7                     
960                   (17, 28)              (21, 34)              1                     2                     6                     
960                   (17, 28)              (21, 34)              2                     1                     7                     
960                   (17, 28)              (21, 34)              2                     2                     5                     
961                   (17, 28)              (22, 30)              1                     1                     6                     
961                   (17, 28)              (22, 30)              1                     2                     5                     
961                   (17, 28)              (22, 30)              2                     1                     6                     
961                   (17, 28)              (22, 30)              2                     2                     4                     
962                   (17, 28)              (22, 31)              1                     1                     6                     
962                   (17, 28)              (22, 31)              1                     2                     5                     
962                   (17, 28)              (22, 31)              2                     1                     6                     
962                   (17, 28)              (22, 31)              2                     2                     4                     
963                   (17, 28)              (22, 32)              1                     1                     6                     
963                   (17, 28)              (22, 32)              1                     2                     5                     
963                   (17, 28)              (22, 32)              2                     1                     6                     
963                   (17, 28)              (22, 32)              2                     2                     4                     
964                   (17, 28)              (22, 33)              1                     1                     6                     
964                   (17, 28)              (22, 33)              1                     2                     5                     
964                   (17, 28)              (22, 33)              2                     1                     6                     
964                   (17, 28)              (22, 33)              2                     2                     4                     
965                   (17, 28)              (22, 34)              1                     1                     7                     
965                   (17, 28)              (22, 34)              1                     2                     6                     
965                   (17, 28)              (22, 34)              2                     1                     7                     
965                   (17, 28)              (22, 34)              2                     2                     5                     
966                   (17, 28)              (23, 30)              1                     1                     7                     
966                   (17, 28)              (23, 30)              1                     2                     6                     
966                   (17, 28)              (23, 30)              2                     1                     7                     
966                   (17, 28)              (23, 30)              2                     2                     5                     
967                   (17, 28)              (23, 31)              1                     1                     7                     
967                   (17, 28)              (23, 31)              1                     2                     6                     
967                   (17, 28)              (23, 31)              2                     1                     7                     
967                   (17, 28)              (23, 31)              2                     2                     5                     
968                   (17, 28)              (23, 32)              1                     1                     7                     
968                   (17, 28)              (23, 32)              1                     2                     6                     
968                   (17, 28)              (23, 32)              2                     1                     7                     
968                   (17, 28)              (23, 32)              2                     2                     5                     
969                   (17, 28)              (23, 33)              1                     1                     7                     
969                   (17, 28)              (23, 33)              1                     2                     6                     
969                   (17, 28)              (23, 33)              2                     1                     7                     
969                   (17, 28)              (23, 33)              2                     2                     5                     
970                   (17, 28)              (23, 34)              1                     1                     7                     
970                   (17, 28)              (23, 34)              1                     2                     6                     
970                   (17, 28)              (23, 34)              2                     1                     7                     
970                   (17, 28)              (23, 34)              2                     2                     5                     
971                   (17, 28)              (24, 30)              1                     1                     8                     
971                   (17, 28)              (24, 30)              1                     2                     7                     
971                   (17, 28)              (24, 30)              2                     1                     8                     
971                   (17, 28)              (24, 30)              2                     2                     6                     
972                   (17, 28)              (24, 31)              1                     1                     8                     
972                   (17, 28)              (24, 31)              1                     2                     7                     
972                   (17, 28)              (24, 31)              2                     1                     8                     
972                   (17, 28)              (24, 31)              2                     2                     6                     
973                   (17, 28)              (24, 32)              1                     1                     8                     
973                   (17, 28)              (24, 32)              1                     2                     7                     
973                   (17, 28)              (24, 32)              2                     1                     8                     
973                   (17, 28)              (24, 32)              2                     2                     6                     
974                   (17, 28)              (24, 33)              1                     1                     8                     
974                   (17, 28)              (24, 33)              1                     2                     7                     
974                   (17, 28)              (24, 33)              2                     1                     8                     
974                   (17, 28)              (24, 33)              2                     2                     6                     
975                   (17, 28)              (24, 34)              1                     1                     8                     
975                   (17, 28)              (24, 34)              1                     2                     7                     
975                   (17, 28)              (24, 34)              2                     1                     8                     
975                   (17, 28)              (24, 34)              2                     2                     6                     
976                   (17, 29)              (20, 30)              1                     1                     4                     
976                   (17, 29)              (20, 30)              1                     2                     3                     
976                   (17, 29)              (20, 30)              2                     1                     4                     
976                   (17, 29)              (20, 30)              2                     2                     4                     
977                   (17, 29)              (20, 31)              1                     1                     4                     
977                   (17, 29)              (20, 31)              1                     2                     3                     
977                   (17, 29)              (20, 31)              2                     1                     4                     
977                   (17, 29)              (20, 31)              2                     2                     4                     
978                   (17, 29)              (20, 32)              1                     1                     4                     
978                   (17, 29)              (20, 32)              1                     2                     3                     
978                   (17, 29)              (20, 32)              2                     1                     4                     
978                   (17, 29)              (20, 32)              2                     2                     4                     
979                   (17, 29)              (20, 33)              1                     1                     5                     
979                   (17, 29)              (20, 33)              1                     2                     4                     
979                   (17, 29)              (20, 33)              2                     1                     5                     
979                   (17, 29)              (20, 33)              2                     2                     4                     
980                   (17, 29)              (20, 34)              1                     1                     6                     
980                   (17, 29)              (20, 34)              1                     2                     5                     
980                   (17, 29)              (20, 34)              2                     1                     6                     
980                   (17, 29)              (20, 34)              2                     2                     4                     
981                   (17, 29)              (21, 30)              1                     1                     5                     
981                   (17, 29)              (21, 30)              1                     2                     4                     
981                   (17, 29)              (21, 30)              2                     1                     5                     
981                   (17, 29)              (21, 30)              2                     2                     4                     
982                   (17, 29)              (21, 31)              1                     1                     5                     
982                   (17, 29)              (21, 31)              1                     2                     4                     
982                   (17, 29)              (21, 31)              2                     1                     5                     
982                   (17, 29)              (21, 31)              2                     2                     3                     
983                   (17, 29)              (21, 32)              1                     1                     5                     
983                   (17, 29)              (21, 32)              1                     2                     4                     
983                   (17, 29)              (21, 32)              2                     1                     5                     
983                   (17, 29)              (21, 32)              2                     2                     4                     
984                   (17, 29)              (21, 33)              1                     1                     5                     
984                   (17, 29)              (21, 33)              1                     2                     4                     
984                   (17, 29)              (21, 33)              2                     1                     5                     
984                   (17, 29)              (21, 33)              2                     2                     3                     
985                   (17, 29)              (21, 34)              1                     1                     6                     
985                   (17, 29)              (21, 34)              1                     2                     5                     
985                   (17, 29)              (21, 34)              2                     1                     6                     
985                   (17, 29)              (21, 34)              2                     2                     4                     
986                   (17, 29)              (22, 30)              1                     1                     6                     
986                   (17, 29)              (22, 30)              1                     2                     5                     
986                   (17, 29)              (22, 30)              2                     1                     6                     
986                   (17, 29)              (22, 30)              2                     2                     4                     
987                   (17, 29)              (22, 31)              1                     1                     6                     
987                   (17, 29)              (22, 31)              1                     2                     5                     
987                   (17, 29)              (22, 31)              2                     1                     6                     
987                   (17, 29)              (22, 31)              2                     2                     4                     
988                   (17, 29)              (22, 32)              1                     1                     6                     
988                   (17, 29)              (22, 32)              1                     2                     5                     
988                   (17, 29)              (22, 32)              2                     1                     6                     
988                   (17, 29)              (22, 32)              2                     2                     4                     
989                   (17, 29)              (22, 33)              1                     1                     6                     
989                   (17, 29)              (22, 33)              1                     2                     5                     
989                   (17, 29)              (22, 33)              2                     1                     6                     
989                   (17, 29)              (22, 33)              2                     2                     4                     
990                   (17, 29)              (22, 34)              1                     1                     6                     
990                   (17, 29)              (22, 34)              1                     2                     5                     
990                   (17, 29)              (22, 34)              2                     1                     6                     
990                   (17, 29)              (22, 34)              2                     2                     4                     
991                   (17, 29)              (23, 30)              1                     1                     7                     
991                   (17, 29)              (23, 30)              1                     2                     6                     
991                   (17, 29)              (23, 30)              2                     1                     7                     
991                   (17, 29)              (23, 30)              2                     2                     5                     
992                   (17, 29)              (23, 31)              1                     1                     7                     
992                   (17, 29)              (23, 31)              1                     2                     6                     
992                   (17, 29)              (23, 31)              2                     1                     7                     
992                   (17, 29)              (23, 31)              2                     2                     5                     
993                   (17, 29)              (23, 32)              1                     1                     7                     
993                   (17, 29)              (23, 32)              1                     2                     6                     
993                   (17, 29)              (23, 32)              2                     1                     7                     
993                   (17, 29)              (23, 32)              2                     2                     5                     
994                   (17, 29)              (23, 33)              1                     1                     7                     
994                   (17, 29)              (23, 33)              1                     2                     6                     
994                   (17, 29)              (23, 33)              2                     1                     7                     
994                   (17, 29)              (23, 33)              2                     2                     5                     
995                   (17, 29)              (23, 34)              1                     1                     7                     
995                   (17, 29)              (23, 34)              1                     2                     6                     
995                   (17, 29)              (23, 34)              2                     1                     7                     
995                   (17, 29)              (23, 34)              2                     2                     5                     
996                   (17, 29)              (24, 30)              1                     1                     8                     
996                   (17, 29)              (24, 30)              1                     2                     7                     
996                   (17, 29)              (24, 30)              2                     1                     8                     
996                   (17, 29)              (24, 30)              2                     2                     6                     
997                   (17, 29)              (24, 31)              1                     1                     8                     
997                   (17, 29)              (24, 31)              1                     2                     7                     
997                   (17, 29)              (24, 31)              2                     1                     8                     
997                   (17, 29)              (24, 31)              2                     2                     6                     
998                   (17, 29)              (24, 32)              1                     1                     8                     
998                   (17, 29)              (24, 32)              1                     2                     7                     
998                   (17, 29)              (24, 32)              2                     1                     8                     
998                   (17, 29)              (24, 32)              2                     2                     6                     
999                   (17, 29)              (24, 33)              1                     1                     8                     
999                   (17, 29)              (24, 33)              1                     2                     7                     
999                   (17, 29)              (24, 33)              2                     1                     8                     
999                   (17, 29)              (24, 33)              2                     2                     6                     
1000                  (17, 29)              (24, 34)              1                     1                     8                     
1000                  (17, 29)              (24, 34)              1                     2                     7                     
1000                  (17, 29)              (24, 34)              2                     1                     8                     
1000                  (17, 29)              (24, 34)              2                     2                     6                     
1001                  (18, 25)              (20, 30)              1                     1                     6                     
1001                  (18, 25)              (20, 30)              1                     2                     5                     
1001                  (18, 25)              (20, 30)              2                     1                     6                     
1001                  (18, 25)              (20, 30)              2                     2                     4                     
1002                  (18, 25)              (20, 31)              1                     1                     7                     
1002                  (18, 25)              (20, 31)              1                     2                     6                     
1002                  (18, 25)              (20, 31)              2                     1                     7                     
1002                  (18, 25)              (20, 31)              2                     2                     5                     
1003                  (18, 25)              (20, 32)              1                     1                     8                     
1003                  (18, 25)              (20, 32)              1                     2                     7                     
1003                  (18, 25)              (20, 32)              2                     1                     8                     
1003                  (18, 25)              (20, 32)              2                     2                     6                     
1004                  (18, 25)              (20, 33)              1                     1                     9                     
1004                  (18, 25)              (20, 33)              1                     2                     8                     
1004                  (18, 25)              (20, 33)              2                     1                     9                     
1004                  (18, 25)              (20, 33)              2                     2                     7                     
1005                  (18, 25)              (20, 34)              1                     1                     10                    
1005                  (18, 25)              (20, 34)              1                     2                     9                     
1005                  (18, 25)              (20, 34)              2                     1                     10                    
1005                  (18, 25)              (20, 34)              2                     2                     8                     
1006                  (18, 25)              (21, 30)              1                     1                     6                     
1006                  (18, 25)              (21, 30)              1                     2                     5                     
1006                  (18, 25)              (21, 30)              2                     1                     6                     
1006                  (18, 25)              (21, 30)              2                     2                     4                     
1007                  (18, 25)              (21, 31)              1                     1                     7                     
1007                  (18, 25)              (21, 31)              1                     2                     6                     
1007                  (18, 25)              (21, 31)              2                     1                     7                     
1007                  (18, 25)              (21, 31)              2                     2                     5                     
1008                  (18, 25)              (21, 32)              1                     1                     8                     
1008                  (18, 25)              (21, 32)              1                     2                     7                     
1008                  (18, 25)              (21, 32)              2                     1                     8                     
1008                  (18, 25)              (21, 32)              2                     2                     6                     
1009                  (18, 25)              (21, 33)              1                     1                     9                     
1009                  (18, 25)              (21, 33)              1                     2                     8                     
1009                  (18, 25)              (21, 33)              2                     1                     9                     
1009                  (18, 25)              (21, 33)              2                     2                     7                     
1010                  (18, 25)              (21, 34)              1                     1                     10                    
1010                  (18, 25)              (21, 34)              1                     2                     9                     
1010                  (18, 25)              (21, 34)              2                     1                     10                    
1010                  (18, 25)              (21, 34)              2                     2                     8                     
1011                  (18, 25)              (22, 30)              1                     1                     6                     
1011                  (18, 25)              (22, 30)              1                     2                     5                     
1011                  (18, 25)              (22, 30)              2                     1                     6                     
1011                  (18, 25)              (22, 30)              2                     2                     4                     
1012                  (18, 25)              (22, 31)              1                     1                     7                     
1012                  (18, 25)              (22, 31)              1                     2                     6                     
1012                  (18, 25)              (22, 31)              2                     1                     7                     
1012                  (18, 25)              (22, 31)              2                     2                     5                     
1013                  (18, 25)              (22, 32)              1                     1                     8                     
1013                  (18, 25)              (22, 32)              1                     2                     7                     
1013                  (18, 25)              (22, 32)              2                     1                     8                     
1013                  (18, 25)              (22, 32)              2                     2                     6                     
1014                  (18, 25)              (22, 33)              1                     1                     9                     
1014                  (18, 25)              (22, 33)              1                     2                     8                     
1014                  (18, 25)              (22, 33)              2                     1                     9                     
1014                  (18, 25)              (22, 33)              2                     2                     7                     
1015                  (18, 25)              (22, 34)              1                     1                     10                    
1015                  (18, 25)              (22, 34)              1                     2                     9                     
1015                  (18, 25)              (22, 34)              2                     1                     10                    
1015                  (18, 25)              (22, 34)              2                     2                     8                     
1016                  (18, 25)              (23, 30)              1                     1                     6                     
1016                  (18, 25)              (23, 30)              1                     2                     5                     
1016                  (18, 25)              (23, 30)              2                     1                     6                     
1016                  (18, 25)              (23, 30)              2                     2                     4                     
1017                  (18, 25)              (23, 31)              1                     1                     7                     
1017                  (18, 25)              (23, 31)              1                     2                     6                     
1017                  (18, 25)              (23, 31)              2                     1                     7                     
1017                  (18, 25)              (23, 31)              2                     2                     5                     
1018                  (18, 25)              (23, 32)              1                     1                     8                     
1018                  (18, 25)              (23, 32)              1                     2                     7                     
1018                  (18, 25)              (23, 32)              2                     1                     8                     
1018                  (18, 25)              (23, 32)              2                     2                     6                     
1019                  (18, 25)              (23, 33)              1                     1                     9                     
1019                  (18, 25)              (23, 33)              1                     2                     8                     
1019                  (18, 25)              (23, 33)              2                     1                     9                     
1019                  (18, 25)              (23, 33)              2                     2                     7                     
1020                  (18, 25)              (23, 34)              1                     1                     10                    
1020                  (18, 25)              (23, 34)              1                     2                     9                     
1020                  (18, 25)              (23, 34)              2                     1                     10                    
1020                  (18, 25)              (23, 34)              2                     2                     8                     
1021                  (18, 25)              (24, 30)              1                     1                     7                     
1021                  (18, 25)              (24, 30)              1                     2                     6                     
1021                  (18, 25)              (24, 30)              2                     1                     7                     
1021                  (18, 25)              (24, 30)              2                     2                     5                     
1022                  (18, 25)              (24, 31)              1                     1                     7                     
1022                  (18, 25)              (24, 31)              1                     2                     6                     
1022                  (18, 25)              (24, 31)              2                     1                     7                     
1022                  (18, 25)              (24, 31)              2                     2                     5                     
1023                  (18, 25)              (24, 32)              1                     1                     8                     
1023                  (18, 25)              (24, 32)              1                     2                     7                     
1023                  (18, 25)              (24, 32)              2                     1                     8                     
1023                  (18, 25)              (24, 32)              2                     2                     6                     
1024                  (18, 25)              (24, 33)              1                     1                     9                     
1024                  (18, 25)              (24, 33)              1                     2                     8                     
1024                  (18, 25)              (24, 33)              2                     1                     9                     
1024                  (18, 25)              (24, 33)              2                     2                     7                     
1025                  (18, 25)              (24, 34)              1                     1                     10                    
1025                  (18, 25)              (24, 34)              1                     2                     9                     
1025                  (18, 25)              (24, 34)              2                     1                     10                    
1025                  (18, 25)              (24, 34)              2                     2                     8                     
1026                  (18, 26)              (20, 30)              1                     1                     5                     
1026                  (18, 26)              (20, 30)              1                     2                     4                     
1026                  (18, 26)              (20, 30)              2                     1                     5                     
1026                  (18, 26)              (20, 30)              2                     2                     3                     
1027                  (18, 26)              (20, 31)              1                     1                     6                     
1027                  (18, 26)              (20, 31)              1                     2                     5                     
1027                  (18, 26)              (20, 31)              2                     1                     6                     
1027                  (18, 26)              (20, 31)              2                     2                     4                     
1028                  (18, 26)              (20, 32)              1                     1                     7                     
1028                  (18, 26)              (20, 32)              1                     2                     6                     
1028                  (18, 26)              (20, 32)              2                     1                     7                     
1028                  (18, 26)              (20, 32)              2                     2                     5                     
1029                  (18, 26)              (20, 33)              1                     1                     8                     
1029                  (18, 26)              (20, 33)              1                     2                     7                     
1029                  (18, 26)              (20, 33)              2                     1                     8                     
1029                  (18, 26)              (20, 33)              2                     2                     6                     
1030                  (18, 26)              (20, 34)              1                     1                     9                     
1030                  (18, 26)              (20, 34)              1                     2                     8                     
1030                  (18, 26)              (20, 34)              2                     1                     9                     
1030                  (18, 26)              (20, 34)              2                     2                     7                     
1031                  (18, 26)              (21, 30)              1                     1                     5                     
1031                  (18, 26)              (21, 30)              1                     2                     4                     
1031                  (18, 26)              (21, 30)              2                     1                     5                     
1031                  (18, 26)              (21, 30)              2                     2                     4                     
1032                  (18, 26)              (21, 31)              1                     1                     6                     
1032                  (18, 26)              (21, 31)              1                     2                     5                     
1032                  (18, 26)              (21, 31)              2                     1                     6                     
1032                  (18, 26)              (21, 31)              2                     2                     4                     
1033                  (18, 26)              (21, 32)              1                     1                     7                     
1033                  (18, 26)              (21, 32)              1                     2                     6                     
1033                  (18, 26)              (21, 32)              2                     1                     7                     
1033                  (18, 26)              (21, 32)              2                     2                     5                     
1034                  (18, 26)              (21, 33)              1                     1                     8                     
1034                  (18, 26)              (21, 33)              1                     2                     7                     
1034                  (18, 26)              (21, 33)              2                     1                     8                     
1034                  (18, 26)              (21, 33)              2                     2                     6                     
1035                  (18, 26)              (21, 34)              1                     1                     9                     
1035                  (18, 26)              (21, 34)              1                     2                     8                     
1035                  (18, 26)              (21, 34)              2                     1                     9                     
1035                  (18, 26)              (21, 34)              2                     2                     7                     
1036                  (18, 26)              (22, 30)              1                     1                     5                     
1036                  (18, 26)              (22, 30)              1                     2                     4                     
1036                  (18, 26)              (22, 30)              2                     1                     5                     
1036                  (18, 26)              (22, 30)              2                     2                     3                     
1037                  (18, 26)              (22, 31)              1                     1                     6                     
1037                  (18, 26)              (22, 31)              1                     2                     5                     
1037                  (18, 26)              (22, 31)              2                     1                     6                     
1037                  (18, 26)              (22, 31)              2                     2                     4                     
1038                  (18, 26)              (22, 32)              1                     1                     7                     
1038                  (18, 26)              (22, 32)              1                     2                     6                     
1038                  (18, 26)              (22, 32)              2                     1                     7                     
1038                  (18, 26)              (22, 32)              2                     2                     5                     
1039                  (18, 26)              (22, 33)              1                     1                     8                     
1039                  (18, 26)              (22, 33)              1                     2                     7                     
1039                  (18, 26)              (22, 33)              2                     1                     8                     
1039                  (18, 26)              (22, 33)              2                     2                     6                     
1040                  (18, 26)              (22, 34)              1                     1                     9                     
1040                  (18, 26)              (22, 34)              1                     2                     8                     
1040                  (18, 26)              (22, 34)              2                     1                     9                     
1040                  (18, 26)              (22, 34)              2                     2                     7                     
1041                  (18, 26)              (23, 30)              1                     1                     6                     
1041                  (18, 26)              (23, 30)              1                     2                     5                     
1041                  (18, 26)              (23, 30)              2                     1                     6                     
1041                  (18, 26)              (23, 30)              2                     2                     4                     
1042                  (18, 26)              (23, 31)              1                     1                     6                     
1042                  (18, 26)              (23, 31)              1                     2                     5                     
1042                  (18, 26)              (23, 31)              2                     1                     6                     
1042                  (18, 26)              (23, 31)              2                     2                     4                     
1043                  (18, 26)              (23, 32)              1                     1                     7                     
1043                  (18, 26)              (23, 32)              1                     2                     6                     
1043                  (18, 26)              (23, 32)              2                     1                     7                     
1043                  (18, 26)              (23, 32)              2                     2                     5                     
1044                  (18, 26)              (23, 33)              1                     1                     8                     
1044                  (18, 26)              (23, 33)              1                     2                     7                     
1044                  (18, 26)              (23, 33)              2                     1                     8                     
1044                  (18, 26)              (23, 33)              2                     2                     6                     
1045                  (18, 26)              (23, 34)              1                     1                     9                     
1045                  (18, 26)              (23, 34)              1                     2                     8                     
1045                  (18, 26)              (23, 34)              2                     1                     9                     
1045                  (18, 26)              (23, 34)              2                     2                     7                     
1046                  (18, 26)              (24, 30)              1                     1                     7                     
1046                  (18, 26)              (24, 30)              1                     2                     6                     
1046                  (18, 26)              (24, 30)              2                     1                     7                     
1046                  (18, 26)              (24, 30)              2                     2                     5                     
1047                  (18, 26)              (24, 31)              1                     1                     7                     
1047                  (18, 26)              (24, 31)              1                     2                     6                     
1047                  (18, 26)              (24, 31)              2                     1                     7                     
1047                  (18, 26)              (24, 31)              2                     2                     5                     
1048                  (18, 26)              (24, 32)              1                     1                     7                     
1048                  (18, 26)              (24, 32)              1                     2                     6                     
1048                  (18, 26)              (24, 32)              2                     1                     7                     
1048                  (18, 26)              (24, 32)              2                     2                     5                     
1049                  (18, 26)              (24, 33)              1                     1                     8                     
1049                  (18, 26)              (24, 33)              1                     2                     7                     
1049                  (18, 26)              (24, 33)              2                     1                     8                     
1049                  (18, 26)              (24, 33)              2                     2                     6                     
1050                  (18, 26)              (24, 34)              1                     1                     9                     
1050                  (18, 26)              (24, 34)              1                     2                     8                     
1050                  (18, 26)              (24, 34)              2                     1                     9                     
1050                  (18, 26)              (24, 34)              2                     2                     7                     
1051                  (18, 27)              (20, 30)              1                     1                     4                     
1051                  (18, 27)              (20, 30)              1                     2                     3                     
1051                  (18, 27)              (20, 30)              2                     1                     4                     
1051                  (18, 27)              (20, 30)              2                     2                     4                     
1052                  (18, 27)              (20, 31)              1                     1                     5                     
1052                  (18, 27)              (20, 31)              1                     2                     4                     
1052                  (18, 27)              (20, 31)              2                     1                     5                     
1052                  (18, 27)              (20, 31)              2                     2                     3                     
1053                  (18, 27)              (20, 32)              1                     1                     6                     
1053                  (18, 27)              (20, 32)              1                     2                     5                     
1053                  (18, 27)              (20, 32)              2                     1                     6                     
1053                  (18, 27)              (20, 32)              2                     2                     4                     
1054                  (18, 27)              (20, 33)              1                     1                     7                     
1054                  (18, 27)              (20, 33)              1                     2                     6                     
1054                  (18, 27)              (20, 33)              2                     1                     7                     
1054                  (18, 27)              (20, 33)              2                     2                     5                     
1055                  (18, 27)              (20, 34)              1                     1                     8                     
1055                  (18, 27)              (20, 34)              1                     2                     7                     
1055                  (18, 27)              (20, 34)              2                     1                     8                     
1055                  (18, 27)              (20, 34)              2                     2                     6                     
1056                  (18, 27)              (21, 30)              1                     1                     4                     
1056                  (18, 27)              (21, 30)              1                     2                     3                     
1056                  (18, 27)              (21, 30)              2                     1                     4                     
1056                  (18, 27)              (21, 30)              2                     2                     4                     
1057                  (18, 27)              (21, 31)              1                     1                     5                     
1057                  (18, 27)              (21, 31)              1                     2                     4                     
1057                  (18, 27)              (21, 31)              2                     1                     5                     
1057                  (18, 27)              (21, 31)              2                     2                     4                     
1058                  (18, 27)              (21, 32)              1                     1                     6                     
1058                  (18, 27)              (21, 32)              1                     2                     5                     
1058                  (18, 27)              (21, 32)              2                     1                     6                     
1058                  (18, 27)              (21, 32)              2                     2                     4                     
1059                  (18, 27)              (21, 33)              1                     1                     7                     
1059                  (18, 27)              (21, 33)              1                     2                     6                     
1059                  (18, 27)              (21, 33)              2                     1                     7                     
1059                  (18, 27)              (21, 33)              2                     2                     5                     
1060                  (18, 27)              (21, 34)              1                     1                     8                     
1060                  (18, 27)              (21, 34)              1                     2                     7                     
1060                  (18, 27)              (21, 34)              2                     1                     8                     
1060                  (18, 27)              (21, 34)              2                     2                     6                     
1061                  (18, 27)              (22, 30)              1                     1                     5                     
1061                  (18, 27)              (22, 30)              1                     2                     4                     
1061                  (18, 27)              (22, 30)              2                     1                     5                     
1061                  (18, 27)              (22, 30)              2                     2                     4                     
1062                  (18, 27)              (22, 31)              1                     1                     5                     
1062                  (18, 27)              (22, 31)              1                     2                     4                     
1062                  (18, 27)              (22, 31)              2                     1                     5                     
1062                  (18, 27)              (22, 31)              2                     2                     3                     
1063                  (18, 27)              (22, 32)              1                     1                     6                     
1063                  (18, 27)              (22, 32)              1                     2                     5                     
1063                  (18, 27)              (22, 32)              2                     1                     6                     
1063                  (18, 27)              (22, 32)              2                     2                     4                     
1064                  (18, 27)              (22, 33)              1                     1                     7                     
1064                  (18, 27)              (22, 33)              1                     2                     6                     
1064                  (18, 27)              (22, 33)              2                     1                     7                     
1064                  (18, 27)              (22, 33)              2                     2                     5                     
1065                  (18, 27)              (22, 34)              1                     1                     8                     
1065                  (18, 27)              (22, 34)              1                     2                     7                     
1065                  (18, 27)              (22, 34)              2                     1                     8                     
1065                  (18, 27)              (22, 34)              2                     2                     6                     
1066                  (18, 27)              (23, 30)              1                     1                     6                     
1066                  (18, 27)              (23, 30)              1                     2                     5                     
1066                  (18, 27)              (23, 30)              2                     1                     6                     
1066                  (18, 27)              (23, 30)              2                     2                     4                     
1067                  (18, 27)              (23, 31)              1                     1                     6                     
1067                  (18, 27)              (23, 31)              1                     2                     5                     
1067                  (18, 27)              (23, 31)              2                     1                     6                     
1067                  (18, 27)              (23, 31)              2                     2                     4                     
1068                  (18, 27)              (23, 32)              1                     1                     6                     
1068                  (18, 27)              (23, 32)              1                     2                     5                     
1068                  (18, 27)              (23, 32)              2                     1                     6                     
1068                  (18, 27)              (23, 32)              2                     2                     4                     
1069                  (18, 27)              (23, 33)              1                     1                     7                     
1069                  (18, 27)              (23, 33)              1                     2                     6                     
1069                  (18, 27)              (23, 33)              2                     1                     7                     
1069                  (18, 27)              (23, 33)              2                     2                     5                     
1070                  (18, 27)              (23, 34)              1                     1                     8                     
1070                  (18, 27)              (23, 34)              1                     2                     7                     
1070                  (18, 27)              (23, 34)              2                     1                     8                     
1070                  (18, 27)              (23, 34)              2                     2                     6                     
1071                  (18, 27)              (24, 30)              1                     1                     7                     
1071                  (18, 27)              (24, 30)              1                     2                     6                     
1071                  (18, 27)              (24, 30)              2                     1                     7                     
1071                  (18, 27)              (24, 30)              2                     2                     5                     
1072                  (18, 27)              (24, 31)              1                     1                     7                     
1072                  (18, 27)              (24, 31)              1                     2                     6                     
1072                  (18, 27)              (24, 31)              2                     1                     7                     
1072                  (18, 27)              (24, 31)              2                     2                     5                     
1073                  (18, 27)              (24, 32)              1                     1                     7                     
1073                  (18, 27)              (24, 32)              1                     2                     6                     
1073                  (18, 27)              (24, 32)              2                     1                     7                     
1073                  (18, 27)              (24, 32)              2                     2                     5                     
1074                  (18, 27)              (24, 33)              1                     1                     7                     
1074                  (18, 27)              (24, 33)              1                     2                     6                     
1074                  (18, 27)              (24, 33)              2                     1                     7                     
1074                  (18, 27)              (24, 33)              2                     2                     5                     
1075                  (18, 27)              (24, 34)              1                     1                     8                     
1075                  (18, 27)              (24, 34)              1                     2                     7                     
1075                  (18, 27)              (24, 34)              2                     1                     8                     
1075                  (18, 27)              (24, 34)              2                     2                     6                     
1076                  (18, 28)              (20, 30)              1                     1                     3                     
1076                  (18, 28)              (20, 30)              1                     2                     2                     
1076                  (18, 28)              (20, 30)              2                     1                     3                     
1076                  (18, 28)              (20, 30)              2                     2                     2                     
1077                  (18, 28)              (20, 31)              1                     1                     4                     
1077                  (18, 28)              (20, 31)              1                     2                     3                     
1077                  (18, 28)              (20, 31)              2                     1                     4                     
1077                  (18, 28)              (20, 31)              2                     2                     4                     
1078                  (18, 28)              (20, 32)              1                     1                     5                     
1078                  (18, 28)              (20, 32)              1                     2                     4                     
1078                  (18, 28)              (20, 32)              2                     1                     5                     
1078                  (18, 28)              (20, 32)              2                     2                     3                     
1079                  (18, 28)              (20, 33)              1                     1                     6                     
1079                  (18, 28)              (20, 33)              1                     2                     5                     
1079                  (18, 28)              (20, 33)              2                     1                     6                     
1079                  (18, 28)              (20, 33)              2                     2                     4                     
1080                  (18, 28)              (20, 34)              1                     1                     7                     
1080                  (18, 28)              (20, 34)              1                     2                     6                     
1080                  (18, 28)              (20, 34)              2                     1                     7                     
1080                  (18, 28)              (20, 34)              2                     2                     5                     
1081                  (18, 28)              (21, 30)              1                     1                     4                     
1081                  (18, 28)              (21, 30)              1                     2                     3                     
1081                  (18, 28)              (21, 30)              2                     1                     4                     
1081                  (18, 28)              (21, 30)              2                     2                     4                     
1082                  (18, 28)              (21, 31)              1                     1                     4                     
1082                  (18, 28)              (21, 31)              1                     2                     3                     
1082                  (18, 28)              (21, 31)              2                     1                     4                     
1082                  (18, 28)              (21, 31)              2                     2                     4                     
1083                  (18, 28)              (21, 32)              1                     1                     5                     
1083                  (18, 28)              (21, 32)              1                     2                     4                     
1083                  (18, 28)              (21, 32)              2                     1                     5                     
1083                  (18, 28)              (21, 32)              2                     2                     4                     
1084                  (18, 28)              (21, 33)              1                     1                     6                     
1084                  (18, 28)              (21, 33)              1                     2                     5                     
1084                  (18, 28)              (21, 33)              2                     1                     6                     
1084                  (18, 28)              (21, 33)              2                     2                     4                     
1085                  (18, 28)              (21, 34)              1                     1                     7                     
1085                  (18, 28)              (21, 34)              1                     2                     6                     
1085                  (18, 28)              (21, 34)              2                     1                     7                     
1085                  (18, 28)              (21, 34)              2                     2                     5                     
1086                  (18, 28)              (22, 30)              1                     1                     5                     
1086                  (18, 28)              (22, 30)              1                     2                     4                     
1086                  (18, 28)              (22, 30)              2                     1                     5                     
1086                  (18, 28)              (22, 30)              2                     2                     3                     
1087                  (18, 28)              (22, 31)              1                     1                     5                     
1087                  (18, 28)              (22, 31)              1                     2                     4                     
1087                  (18, 28)              (22, 31)              2                     1                     5                     
1087                  (18, 28)              (22, 31)              2                     2                     4                     
1088                  (18, 28)              (22, 32)              1                     1                     5                     
1088                  (18, 28)              (22, 32)              1                     2                     4                     
1088                  (18, 28)              (22, 32)              2                     1                     5                     
1088                  (18, 28)              (22, 32)              2                     2                     3                     
1089                  (18, 28)              (22, 33)              1                     1                     6                     
1089                  (18, 28)              (22, 33)              1                     2                     5                     
1089                  (18, 28)              (22, 33)              2                     1                     6                     
1089                  (18, 28)              (22, 33)              2                     2                     4                     
1090                  (18, 28)              (22, 34)              1                     1                     7                     
1090                  (18, 28)              (22, 34)              1                     2                     6                     
1090                  (18, 28)              (22, 34)              2                     1                     7                     
1090                  (18, 28)              (22, 34)              2                     2                     5                     
1091                  (18, 28)              (23, 30)              1                     1                     6                     
1091                  (18, 28)              (23, 30)              1                     2                     5                     
1091                  (18, 28)              (23, 30)              2                     1                     6                     
1091                  (18, 28)              (23, 30)              2                     2                     4                     
1092                  (18, 28)              (23, 31)              1                     1                     6                     
1092                  (18, 28)              (23, 31)              1                     2                     5                     
1092                  (18, 28)              (23, 31)              2                     1                     6                     
1092                  (18, 28)              (23, 31)              2                     2                     4                     
1093                  (18, 28)              (23, 32)              1                     1                     6                     
1093                  (18, 28)              (23, 32)              1                     2                     5                     
1093                  (18, 28)              (23, 32)              2                     1                     6                     
1093                  (18, 28)              (23, 32)              2                     2                     4                     
1094                  (18, 28)              (23, 33)              1                     1                     6                     
1094                  (18, 28)              (23, 33)              1                     2                     5                     
1094                  (18, 28)              (23, 33)              2                     1                     6                     
1094                  (18, 28)              (23, 33)              2                     2                     4                     
1095                  (18, 28)              (23, 34)              1                     1                     7                     
1095                  (18, 28)              (23, 34)              1                     2                     6                     
1095                  (18, 28)              (23, 34)              2                     1                     7                     
1095                  (18, 28)              (23, 34)              2                     2                     5                     
1096                  (18, 28)              (24, 30)              1                     1                     7                     
1096                  (18, 28)              (24, 30)              1                     2                     6                     
1096                  (18, 28)              (24, 30)              2                     1                     7                     
1096                  (18, 28)              (24, 30)              2                     2                     5                     
1097                  (18, 28)              (24, 31)              1                     1                     7                     
1097                  (18, 28)              (24, 31)              1                     2                     6                     
1097                  (18, 28)              (24, 31)              2                     1                     7                     
1097                  (18, 28)              (24, 31)              2                     2                     5                     
1098                  (18, 28)              (24, 32)              1                     1                     7                     
1098                  (18, 28)              (24, 32)              1                     2                     6                     
1098                  (18, 28)              (24, 32)              2                     1                     7                     
1098                  (18, 28)              (24, 32)              2                     2                     5                     
1099                  (18, 28)              (24, 33)              1                     1                     7                     
1099                  (18, 28)              (24, 33)              1                     2                     6                     
1099                  (18, 28)              (24, 33)              2                     1                     7                     
1099                  (18, 28)              (24, 33)              2                     2                     5                     
1100                  (18, 28)              (24, 34)              1                     1                     7                     
1100                  (18, 28)              (24, 34)              1                     2                     6                     
1100                  (18, 28)              (24, 34)              2                     1                     7                     
1100                  (18, 28)              (24, 34)              2                     2                     5                     
1101                  (18, 29)              (20, 30)              1                     1                     3                     
1101                  (18, 29)              (20, 30)              1                     2                     3                     
1101                  (18, 29)              (20, 30)              2                     1                     3                     
1101                  (18, 29)              (20, 30)              2                     2                     4                     
1102                  (18, 29)              (20, 31)              1                     1                     3                     
1102                  (18, 29)              (20, 31)              1                     2                     2                     
1102                  (18, 29)              (20, 31)              2                     1                     3                     
1102                  (18, 29)              (20, 31)              2                     2                     2                     
1103                  (18, 29)              (20, 32)              1                     1                     4                     
1103                  (18, 29)              (20, 32)              1                     2                     3                     
1103                  (18, 29)              (20, 32)              2                     1                     4                     
1103                  (18, 29)              (20, 32)              2                     2                     4                     
1104                  (18, 29)              (20, 33)              1                     1                     5                     
1104                  (18, 29)              (20, 33)              1                     2                     4                     
1104                  (18, 29)              (20, 33)              2                     1                     5                     
1104                  (18, 29)              (20, 33)              2                     2                     3                     
1105                  (18, 29)              (20, 34)              1                     1                     6                     
1105                  (18, 29)              (20, 34)              1                     2                     5                     
1105                  (18, 29)              (20, 34)              2                     1                     6                     
1105                  (18, 29)              (20, 34)              2                     2                     4                     
1106                  (18, 29)              (21, 30)              1                     1                     4                     
1106                  (18, 29)              (21, 30)              1                     2                     3                     
1106                  (18, 29)              (21, 30)              2                     1                     4                     
1106                  (18, 29)              (21, 30)              2                     2                     4                     
1107                  (18, 29)              (21, 31)              1                     1                     4                     
1107                  (18, 29)              (21, 31)              1                     2                     3                     
1107                  (18, 29)              (21, 31)              2                     1                     4                     
1107                  (18, 29)              (21, 31)              2                     2                     4                     
1108                  (18, 29)              (21, 32)              1                     1                     4                     
1108                  (18, 29)              (21, 32)              1                     2                     3                     
1108                  (18, 29)              (21, 32)              2                     1                     4                     
1108                  (18, 29)              (21, 32)              2                     2                     4                     
1109                  (18, 29)              (21, 33)              1                     1                     5                     
1109                  (18, 29)              (21, 33)              1                     2                     4                     
1109                  (18, 29)              (21, 33)              2                     1                     5                     
1109                  (18, 29)              (21, 33)              2                     2                     4                     
1110                  (18, 29)              (21, 34)              1                     1                     6                     
1110                  (18, 29)              (21, 34)              1                     2                     5                     
1110                  (18, 29)              (21, 34)              2                     1                     6                     
1110                  (18, 29)              (21, 34)              2                     2                     4                     
1111                  (18, 29)              (22, 30)              1                     1                     5                     
1111                  (18, 29)              (22, 30)              1                     2                     4                     
1111                  (18, 29)              (22, 30)              2                     1                     5                     
1111                  (18, 29)              (22, 30)              2                     2                     4                     
1112                  (18, 29)              (22, 31)              1                     1                     5                     
1112                  (18, 29)              (22, 31)              1                     2                     4                     
1112                  (18, 29)              (22, 31)              2                     1                     5                     
1112                  (18, 29)              (22, 31)              2                     2                     3                     
1113                  (18, 29)              (22, 32)              1                     1                     5                     
1113                  (18, 29)              (22, 32)              1                     2                     4                     
1113                  (18, 29)              (22, 32)              2                     1                     5                     
1113                  (18, 29)              (22, 32)              2                     2                     4                     
1114                  (18, 29)              (22, 33)              1                     1                     5                     
1114                  (18, 29)              (22, 33)              1                     2                     4                     
1114                  (18, 29)              (22, 33)              2                     1                     5                     
1114                  (18, 29)              (22, 33)              2                     2                     3                     
1115                  (18, 29)              (22, 34)              1                     1                     6                     
1115                  (18, 29)              (22, 34)              1                     2                     5                     
1115                  (18, 29)              (22, 34)              2                     1                     6                     
1115                  (18, 29)              (22, 34)              2                     2                     4                     
1116                  (18, 29)              (23, 30)              1                     1                     6                     
1116                  (18, 29)              (23, 30)              1                     2                     5                     
1116                  (18, 29)              (23, 30)              2                     1                     6                     
1116                  (18, 29)              (23, 30)              2                     2                     4                     
1117                  (18, 29)              (23, 31)              1                     1                     6                     
1117                  (18, 29)              (23, 31)              1                     2                     5                     
1117                  (18, 29)              (23, 31)              2                     1                     6                     
1117                  (18, 29)              (23, 31)              2                     2                     4                     
1118                  (18, 29)              (23, 32)              1                     1                     6                     
1118                  (18, 29)              (23, 32)              1                     2                     5                     
1118                  (18, 29)              (23, 32)              2                     1                     6                     
1118                  (18, 29)              (23, 32)              2                     2                     4                     
1119                  (18, 29)              (23, 33)              1                     1                     6                     
1119                  (18, 29)              (23, 33)              1                     2                     5                     
1119                  (18, 29)              (23, 33)              2                     1                     6                     
1119                  (18, 29)              (23, 33)              2                     2                     4                     
1120                  (18, 29)              (23, 34)              1                     1                     6                     
1120                  (18, 29)              (23, 34)              1                     2                     5                     
1120                  (18, 29)              (23, 34)              2                     1                     6                     
1120                  (18, 29)              (23, 34)              2                     2                     4                     
1121                  (18, 29)              (24, 30)              1                     1                     7                     
1121                  (18, 29)              (24, 30)              1                     2                     6                     
1121                  (18, 29)              (24, 30)              2                     1                     7                     
1121                  (18, 29)              (24, 30)              2                     2                     5                     
1122                  (18, 29)              (24, 31)              1                     1                     7                     
1122                  (18, 29)              (24, 31)              1                     2                     6                     
1122                  (18, 29)              (24, 31)              2                     1                     7                     
1122                  (18, 29)              (24, 31)              2                     2                     5                     
1123                  (18, 29)              (24, 32)              1                     1                     7                     
1123                  (18, 29)              (24, 32)              1                     2                     6                     
1123                  (18, 29)              (24, 32)              2                     1                     7                     
1123                  (18, 29)              (24, 32)              2                     2                     5                     
1124                  (18, 29)              (24, 33)              1                     1                     7                     
1124                  (18, 29)              (24, 33)              1                     2                     6                     
1124                  (18, 29)              (24, 33)              2                     1                     7                     
1124                  (18, 29)              (24, 33)              2                     2                     5                     
1125                  (18, 29)              (24, 34)              1                     1                     7                     
1125                  (18, 29)              (24, 34)              1                     2                     6                     
1125                  (18, 29)              (24, 34)              2                     1                     7                     
1125                  (18, 29)              (24, 34)              2                     2                     5                     
1126                  (19, 25)              (20, 30)              1                     1                     6                     
1126                  (19, 25)              (20, 30)              1                     2                     5                     
1126                  (19, 25)              (20, 30)              2                     1                     6                     
1126                  (19, 25)              (20, 30)              2                     2                     4                     
1127                  (19, 25)              (20, 31)              1                     1                     7                     
1127                  (19, 25)              (20, 31)              1                     2                     6                     
1127                  (19, 25)              (20, 31)              2                     1                     7                     
1127                  (19, 25)              (20, 31)              2                     2                     5                     
1128                  (19, 25)              (20, 32)              1                     1                     8                     
1128                  (19, 25)              (20, 32)              1                     2                     7                     
1128                  (19, 25)              (20, 32)              2                     1                     8                     
1128                  (19, 25)              (20, 32)              2                     2                     6                     
1129                  (19, 25)              (20, 33)              1                     1                     9                     
1129                  (19, 25)              (20, 33)              1                     2                     8                     
1129                  (19, 25)              (20, 33)              2                     1                     9                     
1129                  (19, 25)              (20, 33)              2                     2                     7                     
1130                  (19, 25)              (20, 34)              1                     1                     10                    
1130                  (19, 25)              (20, 34)              1                     2                     9                     
1130                  (19, 25)              (20, 34)              2                     1                     10                    
1130                  (19, 25)              (20, 34)              2                     2                     8                     
1131                  (19, 25)              (21, 30)              1                     1                     6                     
1131                  (19, 25)              (21, 30)              1                     2                     5                     
1131                  (19, 25)              (21, 30)              2                     1                     6                     
1131                  (19, 25)              (21, 30)              2                     2                     4                     
1132                  (19, 25)              (21, 31)              1                     1                     7                     
1132                  (19, 25)              (21, 31)              1                     2                     6                     
1132                  (19, 25)              (21, 31)              2                     1                     7                     
1132                  (19, 25)              (21, 31)              2                     2                     5                     
1133                  (19, 25)              (21, 32)              1                     1                     8                     
1133                  (19, 25)              (21, 32)              1                     2                     7                     
1133                  (19, 25)              (21, 32)              2                     1                     8                     
1133                  (19, 25)              (21, 32)              2                     2                     6                     
1134                  (19, 25)              (21, 33)              1                     1                     9                     
1134                  (19, 25)              (21, 33)              1                     2                     8                     
1134                  (19, 25)              (21, 33)              2                     1                     9                     
1134                  (19, 25)              (21, 33)              2                     2                     7                     
1135                  (19, 25)              (21, 34)              1                     1                     10                    
1135                  (19, 25)              (21, 34)              1                     2                     9                     
1135                  (19, 25)              (21, 34)              2                     1                     10                    
1135                  (19, 25)              (21, 34)              2                     2                     8                     
1136                  (19, 25)              (22, 30)              1                     1                     6                     
1136                  (19, 25)              (22, 30)              1                     2                     5                     
1136                  (19, 25)              (22, 30)              2                     1                     6                     
1136                  (19, 25)              (22, 30)              2                     2                     4                     
1137                  (19, 25)              (22, 31)              1                     1                     7                     
1137                  (19, 25)              (22, 31)              1                     2                     6                     
1137                  (19, 25)              (22, 31)              2                     1                     7                     
1137                  (19, 25)              (22, 31)              2                     2                     5                     
1138                  (19, 25)              (22, 32)              1                     1                     8                     
1138                  (19, 25)              (22, 32)              1                     2                     7                     
1138                  (19, 25)              (22, 32)              2                     1                     8                     
1138                  (19, 25)              (22, 32)              2                     2                     6                     
1139                  (19, 25)              (22, 33)              1                     1                     9                     
1139                  (19, 25)              (22, 33)              1                     2                     8                     
1139                  (19, 25)              (22, 33)              2                     1                     9                     
1139                  (19, 25)              (22, 33)              2                     2                     7                     
1140                  (19, 25)              (22, 34)              1                     1                     10                    
1140                  (19, 25)              (22, 34)              1                     2                     9                     
1140                  (19, 25)              (22, 34)              2                     1                     10                    
1140                  (19, 25)              (22, 34)              2                     2                     8                     
1141                  (19, 25)              (23, 30)              1                     1                     6                     
1141                  (19, 25)              (23, 30)              1                     2                     5                     
1141                  (19, 25)              (23, 30)              2                     1                     6                     
1141                  (19, 25)              (23, 30)              2                     2                     4                     
1142                  (19, 25)              (23, 31)              1                     1                     7                     
1142                  (19, 25)              (23, 31)              1                     2                     6                     
1142                  (19, 25)              (23, 31)              2                     1                     7                     
1142                  (19, 25)              (23, 31)              2                     2                     5                     
1143                  (19, 25)              (23, 32)              1                     1                     8                     
1143                  (19, 25)              (23, 32)              1                     2                     7                     
1143                  (19, 25)              (23, 32)              2                     1                     8                     
1143                  (19, 25)              (23, 32)              2                     2                     6                     
1144                  (19, 25)              (23, 33)              1                     1                     9                     
1144                  (19, 25)              (23, 33)              1                     2                     8                     
1144                  (19, 25)              (23, 33)              2                     1                     9                     
1144                  (19, 25)              (23, 33)              2                     2                     7                     
1145                  (19, 25)              (23, 34)              1                     1                     10                    
1145                  (19, 25)              (23, 34)              1                     2                     9                     
1145                  (19, 25)              (23, 34)              2                     1                     10                    
1145                  (19, 25)              (23, 34)              2                     2                     8                     
1146                  (19, 25)              (24, 30)              1                     1                     6                     
1146                  (19, 25)              (24, 30)              1                     2                     5                     
1146                  (19, 25)              (24, 30)              2                     1                     6                     
1146                  (19, 25)              (24, 30)              2                     2                     4                     
1147                  (19, 25)              (24, 31)              1                     1                     7                     
1147                  (19, 25)              (24, 31)              1                     2                     6                     
1147                  (19, 25)              (24, 31)              2                     1                     7                     
1147                  (19, 25)              (24, 31)              2                     2                     5                     
1148                  (19, 25)              (24, 32)              1                     1                     8                     
1148                  (19, 25)              (24, 32)              1                     2                     7                     
1148                  (19, 25)              (24, 32)              2                     1                     8                     
1148                  (19, 25)              (24, 32)              2                     2                     6                     
1149                  (19, 25)              (24, 33)              1                     1                     9                     
1149                  (19, 25)              (24, 33)              1                     2                     8                     
1149                  (19, 25)              (24, 33)              2                     1                     9                     
1149                  (19, 25)              (24, 33)              2                     2                     7                     
1150                  (19, 25)              (24, 34)              1                     1                     10                    
1150                  (19, 25)              (24, 34)              1                     2                     9                     
1150                  (19, 25)              (24, 34)              2                     1                     10                    
1150                  (19, 25)              (24, 34)              2                     2                     8                     
1151                  (19, 26)              (20, 30)              1                     1                     5                     
1151                  (19, 26)              (20, 30)              1                     2                     4                     
1151                  (19, 26)              (20, 30)              2                     1                     5                     
1151                  (19, 26)              (20, 30)              2                     2                     4                     
1152                  (19, 26)              (20, 31)              1                     1                     6                     
1152                  (19, 26)              (20, 31)              1                     2                     5                     
1152                  (19, 26)              (20, 31)              2                     1                     6                     
1152                  (19, 26)              (20, 31)              2                     2                     4                     
1153                  (19, 26)              (20, 32)              1                     1                     7                     
1153                  (19, 26)              (20, 32)              1                     2                     6                     
1153                  (19, 26)              (20, 32)              2                     1                     7                     
1153                  (19, 26)              (20, 32)              2                     2                     5                     
1154                  (19, 26)              (20, 33)              1                     1                     8                     
1154                  (19, 26)              (20, 33)              1                     2                     7                     
1154                  (19, 26)              (20, 33)              2                     1                     8                     
1154                  (19, 26)              (20, 33)              2                     2                     6                     
1155                  (19, 26)              (20, 34)              1                     1                     9                     
1155                  (19, 26)              (20, 34)              1                     2                     8                     
1155                  (19, 26)              (20, 34)              2                     1                     9                     
1155                  (19, 26)              (20, 34)              2                     2                     7                     
1156                  (19, 26)              (21, 30)              1                     1                     5                     
1156                  (19, 26)              (21, 30)              1                     2                     4                     
1156                  (19, 26)              (21, 30)              2                     1                     5                     
1156                  (19, 26)              (21, 30)              2                     2                     3                     
1157                  (19, 26)              (21, 31)              1                     1                     6                     
1157                  (19, 26)              (21, 31)              1                     2                     5                     
1157                  (19, 26)              (21, 31)              2                     1                     6                     
1157                  (19, 26)              (21, 31)              2                     2                     4                     
1158                  (19, 26)              (21, 32)              1                     1                     7                     
1158                  (19, 26)              (21, 32)              1                     2                     6                     
1158                  (19, 26)              (21, 32)              2                     1                     7                     
1158                  (19, 26)              (21, 32)              2                     2                     5                     
1159                  (19, 26)              (21, 33)              1                     1                     8                     
1159                  (19, 26)              (21, 33)              1                     2                     7                     
1159                  (19, 26)              (21, 33)              2                     1                     8                     
1159                  (19, 26)              (21, 33)              2                     2                     6                     
1160                  (19, 26)              (21, 34)              1                     1                     9                     
1160                  (19, 26)              (21, 34)              1                     2                     8                     
1160                  (19, 26)              (21, 34)              2                     1                     9                     
1160                  (19, 26)              (21, 34)              2                     2                     7                     
1161                  (19, 26)              (22, 30)              1                     1                     5                     
1161                  (19, 26)              (22, 30)              1                     2                     4                     
1161                  (19, 26)              (22, 30)              2                     1                     5                     
1161                  (19, 26)              (22, 30)              2                     2                     4                     
1162                  (19, 26)              (22, 31)              1                     1                     6                     
1162                  (19, 26)              (22, 31)              1                     2                     5                     
1162                  (19, 26)              (22, 31)              2                     1                     6                     
1162                  (19, 26)              (22, 31)              2                     2                     4                     
1163                  (19, 26)              (22, 32)              1                     1                     7                     
1163                  (19, 26)              (22, 32)              1                     2                     6                     
1163                  (19, 26)              (22, 32)              2                     1                     7                     
1163                  (19, 26)              (22, 32)              2                     2                     5                     
1164                  (19, 26)              (22, 33)              1                     1                     8                     
1164                  (19, 26)              (22, 33)              1                     2                     7                     
1164                  (19, 26)              (22, 33)              2                     1                     8                     
1164                  (19, 26)              (22, 33)              2                     2                     6                     
1165                  (19, 26)              (22, 34)              1                     1                     9                     
1165                  (19, 26)              (22, 34)              1                     2                     8                     
1165                  (19, 26)              (22, 34)              2                     1                     9                     
1165                  (19, 26)              (22, 34)              2                     2                     7                     
1166                  (19, 26)              (23, 30)              1                     1                     5                     
1166                  (19, 26)              (23, 30)              1                     2                     4                     
1166                  (19, 26)              (23, 30)              2                     1                     5                     
1166                  (19, 26)              (23, 30)              2                     2                     3                     
1167                  (19, 26)              (23, 31)              1                     1                     6                     
1167                  (19, 26)              (23, 31)              1                     2                     5                     
1167                  (19, 26)              (23, 31)              2                     1                     6                     
1167                  (19, 26)              (23, 31)              2                     2                     4                     
1168                  (19, 26)              (23, 32)              1                     1                     7                     
1168                  (19, 26)              (23, 32)              1                     2                     6                     
1168                  (19, 26)              (23, 32)              2                     1                     7                     
1168                  (19, 26)              (23, 32)              2                     2                     5                     
1169                  (19, 26)              (23, 33)              1                     1                     8                     
1169                  (19, 26)              (23, 33)              1                     2                     7                     
1169                  (19, 26)              (23, 33)              2                     1                     8                     
1169                  (19, 26)              (23, 33)              2                     2                     6                     
1170                  (19, 26)              (23, 34)              1                     1                     9                     
1170                  (19, 26)              (23, 34)              1                     2                     8                     
1170                  (19, 26)              (23, 34)              2                     1                     9                     
1170                  (19, 26)              (23, 34)              2                     2                     7                     
1171                  (19, 26)              (24, 30)              1                     1                     6                     
1171                  (19, 26)              (24, 30)              1                     2                     5                     
1171                  (19, 26)              (24, 30)              2                     1                     6                     
1171                  (19, 26)              (24, 30)              2                     2                     4                     
1172                  (19, 26)              (24, 31)              1                     1                     6                     
1172                  (19, 26)              (24, 31)              1                     2                     5                     
1172                  (19, 26)              (24, 31)              2                     1                     6                     
1172                  (19, 26)              (24, 31)              2                     2                     4                     
1173                  (19, 26)              (24, 32)              1                     1                     7                     
1173                  (19, 26)              (24, 32)              1                     2                     6                     
1173                  (19, 26)              (24, 32)              2                     1                     7                     
1173                  (19, 26)              (24, 32)              2                     2                     5                     
1174                  (19, 26)              (24, 33)              1                     1                     8                     
1174                  (19, 26)              (24, 33)              1                     2                     7                     
1174                  (19, 26)              (24, 33)              2                     1                     8                     
1174                  (19, 26)              (24, 33)              2                     2                     6                     
1175                  (19, 26)              (24, 34)              1                     1                     9                     
1175                  (19, 26)              (24, 34)              1                     2                     8                     
1175                  (19, 26)              (24, 34)              2                     1                     9                     
1175                  (19, 26)              (24, 34)              2                     2                     7                     
1176                  (19, 27)              (20, 30)              1                     1                     4                     
1176                  (19, 27)              (20, 30)              1                     2                     3                     
1176                  (19, 27)              (20, 30)              2                     1                     4                     
1176                  (19, 27)              (20, 30)              2                     2                     4                     
1177                  (19, 27)              (20, 31)              1                     1                     5                     
1177                  (19, 27)              (20, 31)              1                     2                     4                     
1177                  (19, 27)              (20, 31)              2                     1                     5                     
1177                  (19, 27)              (20, 31)              2                     2                     4                     
1178                  (19, 27)              (20, 32)              1                     1                     6                     
1178                  (19, 27)              (20, 32)              1                     2                     5                     
1178                  (19, 27)              (20, 32)              2                     1                     6                     
1178                  (19, 27)              (20, 32)              2                     2                     4                     
1179                  (19, 27)              (20, 33)              1                     1                     7                     
1179                  (19, 27)              (20, 33)              1                     2                     6                     
1179                  (19, 27)              (20, 33)              2                     1                     7                     
1179                  (19, 27)              (20, 33)              2                     2                     5                     
1180                  (19, 27)              (20, 34)              1                     1                     8                     
1180                  (19, 27)              (20, 34)              1                     2                     7                     
1180                  (19, 27)              (20, 34)              2                     1                     8                     
1180                  (19, 27)              (20, 34)              2                     2                     6                     
1181                  (19, 27)              (21, 30)              1                     1                     4                     
1181                  (19, 27)              (21, 30)              1                     2                     3                     
1181                  (19, 27)              (21, 30)              2                     1                     4                     
1181                  (19, 27)              (21, 30)              2                     2                     4                     
1182                  (19, 27)              (21, 31)              1                     1                     5                     
1182                  (19, 27)              (21, 31)              1                     2                     4                     
1182                  (19, 27)              (21, 31)              2                     1                     5                     
1182                  (19, 27)              (21, 31)              2                     2                     3                     
1183                  (19, 27)              (21, 32)              1                     1                     6                     
1183                  (19, 27)              (21, 32)              1                     2                     5                     
1183                  (19, 27)              (21, 32)              2                     1                     6                     
1183                  (19, 27)              (21, 32)              2                     2                     4                     
1184                  (19, 27)              (21, 33)              1                     1                     7                     
1184                  (19, 27)              (21, 33)              1                     2                     6                     
1184                  (19, 27)              (21, 33)              2                     1                     7                     
1184                  (19, 27)              (21, 33)              2                     2                     5                     
1185                  (19, 27)              (21, 34)              1                     1                     8                     
1185                  (19, 27)              (21, 34)              1                     2                     7                     
1185                  (19, 27)              (21, 34)              2                     1                     8                     
1185                  (19, 27)              (21, 34)              2                     2                     6                     
1186                  (19, 27)              (22, 30)              1                     1                     4                     
1186                  (19, 27)              (22, 30)              1                     2                     3                     
1186                  (19, 27)              (22, 30)              2                     1                     4                     
1186                  (19, 27)              (22, 30)              2                     2                     4                     
1187                  (19, 27)              (22, 31)              1                     1                     5                     
1187                  (19, 27)              (22, 31)              1                     2                     4                     
1187                  (19, 27)              (22, 31)              2                     1                     5                     
1187                  (19, 27)              (22, 31)              2                     2                     4                     
1188                  (19, 27)              (22, 32)              1                     1                     6                     
1188                  (19, 27)              (22, 32)              1                     2                     5                     
1188                  (19, 27)              (22, 32)              2                     1                     6                     
1188                  (19, 27)              (22, 32)              2                     2                     4                     
1189                  (19, 27)              (22, 33)              1                     1                     7                     
1189                  (19, 27)              (22, 33)              1                     2                     6                     
1189                  (19, 27)              (22, 33)              2                     1                     7                     
1189                  (19, 27)              (22, 33)              2                     2                     5                     
1190                  (19, 27)              (22, 34)              1                     1                     8                     
1190                  (19, 27)              (22, 34)              1                     2                     7                     
1190                  (19, 27)              (22, 34)              2                     1                     8                     
1190                  (19, 27)              (22, 34)              2                     2                     6                     
1191                  (19, 27)              (23, 30)              1                     1                     5                     
1191                  (19, 27)              (23, 30)              1                     2                     4                     
1191                  (19, 27)              (23, 30)              2                     1                     5                     
1191                  (19, 27)              (23, 30)              2                     2                     4                     
1192                  (19, 27)              (23, 31)              1                     1                     5                     
1192                  (19, 27)              (23, 31)              1                     2                     4                     
1192                  (19, 27)              (23, 31)              2                     1                     5                     
1192                  (19, 27)              (23, 31)              2                     2                     3                     
1193                  (19, 27)              (23, 32)              1                     1                     6                     
1193                  (19, 27)              (23, 32)              1                     2                     5                     
1193                  (19, 27)              (23, 32)              2                     1                     6                     
1193                  (19, 27)              (23, 32)              2                     2                     4                     
1194                  (19, 27)              (23, 33)              1                     1                     7                     
1194                  (19, 27)              (23, 33)              1                     2                     6                     
1194                  (19, 27)              (23, 33)              2                     1                     7                     
1194                  (19, 27)              (23, 33)              2                     2                     5                     
1195                  (19, 27)              (23, 34)              1                     1                     8                     
1195                  (19, 27)              (23, 34)              1                     2                     7                     
1195                  (19, 27)              (23, 34)              2                     1                     8                     
1195                  (19, 27)              (23, 34)              2                     2                     6                     
1196                  (19, 27)              (24, 30)              1                     1                     6                     
1196                  (19, 27)              (24, 30)              1                     2                     5                     
1196                  (19, 27)              (24, 30)              2                     1                     6                     
1196                  (19, 27)              (24, 30)              2                     2                     4                     
1197                  (19, 27)              (24, 31)              1                     1                     6                     
1197                  (19, 27)              (24, 31)              1                     2                     5                     
1197                  (19, 27)              (24, 31)              2                     1                     6                     
1197                  (19, 27)              (24, 31)              2                     2                     4                     
1198                  (19, 27)              (24, 32)              1                     1                     6                     
1198                  (19, 27)              (24, 32)              1                     2                     5                     
1198                  (19, 27)              (24, 32)              2                     1                     6                     
1198                  (19, 27)              (24, 32)              2                     2                     4                     
1199                  (19, 27)              (24, 33)              1                     1                     7                     
1199                  (19, 27)              (24, 33)              1                     2                     6                     
1199                  (19, 27)              (24, 33)              2                     1                     7                     
1199                  (19, 27)              (24, 33)              2                     2                     5                     
1200                  (19, 27)              (24, 34)              1                     1                     8                     
1200                  (19, 27)              (24, 34)              1                     2                     7                     
1200                  (19, 27)              (24, 34)              2                     1                     8                     
1200                  (19, 27)              (24, 34)              2                     2                     6                     
1201                  (19, 28)              (20, 30)              1                     1                     3                     
1201                  (19, 28)              (20, 30)              1                     2                     3                     
1201                  (19, 28)              (20, 30)              2                     1                     3                     
1201                  (19, 28)              (20, 30)              2                     2                     4                     
1202                  (19, 28)              (20, 31)              1                     1                     4                     
1202                  (19, 28)              (20, 31)              1                     2                     3                     
1202                  (19, 28)              (20, 31)              2                     1                     4                     
1202                  (19, 28)              (20, 31)              2                     2                     4                     
1203                  (19, 28)              (20, 32)              1                     1                     5                     
1203                  (19, 28)              (20, 32)              1                     2                     4                     
1203                  (19, 28)              (20, 32)              2                     1                     5                     
1203                  (19, 28)              (20, 32)              2                     2                     4                     
1204                  (19, 28)              (20, 33)              1                     1                     6                     
1204                  (19, 28)              (20, 33)              1                     2                     5                     
1204                  (19, 28)              (20, 33)              2                     1                     6                     
1204                  (19, 28)              (20, 33)              2                     2                     4                     
1205                  (19, 28)              (20, 34)              1                     1                     7                     
1205                  (19, 28)              (20, 34)              1                     2                     6                     
1205                  (19, 28)              (20, 34)              2                     1                     7                     
1205                  (19, 28)              (20, 34)              2                     2                     5                     
1206                  (19, 28)              (21, 30)              1                     1                     3                     
1206                  (19, 28)              (21, 30)              1                     2                     2                     
1206                  (19, 28)              (21, 30)              2                     1                     3                     
1206                  (19, 28)              (21, 30)              2                     2                     2                     
1207                  (19, 28)              (21, 31)              1                     1                     4                     
1207                  (19, 28)              (21, 31)              1                     2                     3                     
1207                  (19, 28)              (21, 31)              2                     1                     4                     
1207                  (19, 28)              (21, 31)              2                     2                     4                     
1208                  (19, 28)              (21, 32)              1                     1                     5                     
1208                  (19, 28)              (21, 32)              1                     2                     4                     
1208                  (19, 28)              (21, 32)              2                     1                     5                     
1208                  (19, 28)              (21, 32)              2                     2                     3                     
1209                  (19, 28)              (21, 33)              1                     1                     6                     
1209                  (19, 28)              (21, 33)              1                     2                     5                     
1209                  (19, 28)              (21, 33)              2                     1                     6                     
1209                  (19, 28)              (21, 33)              2                     2                     4                     
1210                  (19, 28)              (21, 34)              1                     1                     7                     
1210                  (19, 28)              (21, 34)              1                     2                     6                     
1210                  (19, 28)              (21, 34)              2                     1                     7                     
1210                  (19, 28)              (21, 34)              2                     2                     5                     
1211                  (19, 28)              (22, 30)              1                     1                     4                     
1211                  (19, 28)              (22, 30)              1                     2                     3                     
1211                  (19, 28)              (22, 30)              2                     1                     4                     
1211                  (19, 28)              (22, 30)              2                     2                     4                     
1212                  (19, 28)              (22, 31)              1                     1                     4                     
1212                  (19, 28)              (22, 31)              1                     2                     3                     
1212                  (19, 28)              (22, 31)              2                     1                     4                     
1212                  (19, 28)              (22, 31)              2                     2                     4                     
1213                  (19, 28)              (22, 32)              1                     1                     5                     
1213                  (19, 28)              (22, 32)              1                     2                     4                     
1213                  (19, 28)              (22, 32)              2                     1                     5                     
1213                  (19, 28)              (22, 32)              2                     2                     4                     
1214                  (19, 28)              (22, 33)              1                     1                     6                     
1214                  (19, 28)              (22, 33)              1                     2                     5                     
1214                  (19, 28)              (22, 33)              2                     1                     6                     
1214                  (19, 28)              (22, 33)              2                     2                     4                     
1215                  (19, 28)              (22, 34)              1                     1                     7                     
1215                  (19, 28)              (22, 34)              1                     2                     6                     
1215                  (19, 28)              (22, 34)              2                     1                     7                     
1215                  (19, 28)              (22, 34)              2                     2                     5                     
1216                  (19, 28)              (23, 30)              1                     1                     5                     
1216                  (19, 28)              (23, 30)              1                     2                     4                     
1216                  (19, 28)              (23, 30)              2                     1                     5                     
1216                  (19, 28)              (23, 30)              2                     2                     3                     
1217                  (19, 28)              (23, 31)              1                     1                     5                     
1217                  (19, 28)              (23, 31)              1                     2                     4                     
1217                  (19, 28)              (23, 31)              2                     1                     5                     
1217                  (19, 28)              (23, 31)              2                     2                     4                     
1218                  (19, 28)              (23, 32)              1                     1                     5                     
1218                  (19, 28)              (23, 32)              1                     2                     4                     
1218                  (19, 28)              (23, 32)              2                     1                     5                     
1218                  (19, 28)              (23, 32)              2                     2                     3                     
1219                  (19, 28)              (23, 33)              1                     1                     6                     
1219                  (19, 28)              (23, 33)              1                     2                     5                     
1219                  (19, 28)              (23, 33)              2                     1                     6                     
1219                  (19, 28)              (23, 33)              2                     2                     4                     
1220                  (19, 28)              (23, 34)              1                     1                     7                     
1220                  (19, 28)              (23, 34)              1                     2                     6                     
1220                  (19, 28)              (23, 34)              2                     1                     7                     
1220                  (19, 28)              (23, 34)              2                     2                     5                     
1221                  (19, 28)              (24, 30)              1                     1                     6                     
1221                  (19, 28)              (24, 30)              1                     2                     5                     
1221                  (19, 28)              (24, 30)              2                     1                     6                     
1221                  (19, 28)              (24, 30)              2                     2                     4                     
1222                  (19, 28)              (24, 31)              1                     1                     6                     
1222                  (19, 28)              (24, 31)              1                     2                     5                     
1222                  (19, 28)              (24, 31)              2                     1                     6                     
1222                  (19, 28)              (24, 31)              2                     2                     4                     
1223                  (19, 28)              (24, 32)              1                     1                     6                     
1223                  (19, 28)              (24, 32)              1                     2                     5                     
1223                  (19, 28)              (24, 32)              2                     1                     6                     
1223                  (19, 28)              (24, 32)              2                     2                     4                     
1224                  (19, 28)              (24, 33)              1                     1                     6                     
1224                  (19, 28)              (24, 33)              1                     2                     5                     
1224                  (19, 28)              (24, 33)              2                     1                     6                     
1224                  (19, 28)              (24, 33)              2                     2                     4                     
1225                  (19, 28)              (24, 34)              1                     1                     7                     
1225                  (19, 28)              (24, 34)              1                     2                     6                     
1225                  (19, 28)              (24, 34)              2                     1                     7                     
1225                  (19, 28)              (24, 34)              2                     2                     5                     
1226                  (19, 29)              (20, 30)              1                     1                     2                     
1226                  (19, 29)              (20, 30)              1                     2                     3                     
1226                  (19, 29)              (20, 30)              2                     1                     2                     
1226                  (19, 29)              (20, 30)              2                     2                     4                     
1227                  (19, 29)              (20, 31)              1                     1                     3                     
1227                  (19, 29)              (20, 31)              1                     2                     3                     
1227                  (19, 29)              (20, 31)              2                     1                     3                     
1227                  (19, 29)              (20, 31)              2                     2                     4                     
1228                  (19, 29)              (20, 32)              1                     1                     4                     
1228                  (19, 29)              (20, 32)              1                     2                     3                     
1228                  (19, 29)              (20, 32)              2                     1                     4                     
1228                  (19, 29)              (20, 32)              2                     2                     4                     
1229                  (19, 29)              (20, 33)              1                     1                     5                     
1229                  (19, 29)              (20, 33)              1                     2                     4                     
1229                  (19, 29)              (20, 33)              2                     1                     5                     
1229                  (19, 29)              (20, 33)              2                     2                     4                     
1230                  (19, 29)              (20, 34)              1                     1                     6                     
1230                  (19, 29)              (20, 34)              1                     2                     5                     
1230                  (19, 29)              (20, 34)              2                     1                     6                     
1230                  (19, 29)              (20, 34)              2                     2                     4                     
1231                  (19, 29)              (21, 30)              1                     1                     3                     
1231                  (19, 29)              (21, 30)              1                     2                     3                     
1231                  (19, 29)              (21, 30)              2                     1                     3                     
1231                  (19, 29)              (21, 30)              2                     2                     4                     
1232                  (19, 29)              (21, 31)              1                     1                     3                     
1232                  (19, 29)              (21, 31)              1                     2                     2                     
1232                  (19, 29)              (21, 31)              2                     1                     3                     
1232                  (19, 29)              (21, 31)              2                     2                     2                     
1233                  (19, 29)              (21, 32)              1                     1                     4                     
1233                  (19, 29)              (21, 32)              1                     2                     3                     
1233                  (19, 29)              (21, 32)              2                     1                     4                     
1233                  (19, 29)              (21, 32)              2                     2                     4                     
1234                  (19, 29)              (21, 33)              1                     1                     5                     
1234                  (19, 29)              (21, 33)              1                     2                     4                     
1234                  (19, 29)              (21, 33)              2                     1                     5                     
1234                  (19, 29)              (21, 33)              2                     2                     3                     
1235                  (19, 29)              (21, 34)              1                     1                     6                     
1235                  (19, 29)              (21, 34)              1                     2                     5                     
1235                  (19, 29)              (21, 34)              2                     1                     6                     
1235                  (19, 29)              (21, 34)              2                     2                     4                     
1236                  (19, 29)              (22, 30)              1                     1                     4                     
1236                  (19, 29)              (22, 30)              1                     2                     3                     
1236                  (19, 29)              (22, 30)              2                     1                     4                     
1236                  (19, 29)              (22, 30)              2                     2                     4                     
1237                  (19, 29)              (22, 31)              1                     1                     4                     
1237                  (19, 29)              (22, 31)              1                     2                     3                     
1237                  (19, 29)              (22, 31)              2                     1                     4                     
1237                  (19, 29)              (22, 31)              2                     2                     4                     
1238                  (19, 29)              (22, 32)              1                     1                     4                     
1238                  (19, 29)              (22, 32)              1                     2                     3                     
1238                  (19, 29)              (22, 32)              2                     1                     4                     
1238                  (19, 29)              (22, 32)              2                     2                     4                     
1239                  (19, 29)              (22, 33)              1                     1                     5                     
1239                  (19, 29)              (22, 33)              1                     2                     4                     
1239                  (19, 29)              (22, 33)              2                     1                     5                     
1239                  (19, 29)              (22, 33)              2                     2                     4                     
1240                  (19, 29)              (22, 34)              1                     1                     6                     
1240                  (19, 29)              (22, 34)              1                     2                     5                     
1240                  (19, 29)              (22, 34)              2                     1                     6                     
1240                  (19, 29)              (22, 34)              2                     2                     4                     
1241                  (19, 29)              (23, 30)              1                     1                     5                     
1241                  (19, 29)              (23, 30)              1                     2                     4                     
1241                  (19, 29)              (23, 30)              2                     1                     5                     
1241                  (19, 29)              (23, 30)              2                     2                     4                     
1242                  (19, 29)              (23, 31)              1                     1                     5                     
1242                  (19, 29)              (23, 31)              1                     2                     4                     
1242                  (19, 29)              (23, 31)              2                     1                     5                     
1242                  (19, 29)              (23, 31)              2                     2                     3                     
1243                  (19, 29)              (23, 32)              1                     1                     5                     
1243                  (19, 29)              (23, 32)              1                     2                     4                     
1243                  (19, 29)              (23, 32)              2                     1                     5                     
1243                  (19, 29)              (23, 32)              2                     2                     4                     
1244                  (19, 29)              (23, 33)              1                     1                     5                     
1244                  (19, 29)              (23, 33)              1                     2                     4                     
1244                  (19, 29)              (23, 33)              2                     1                     5                     
1244                  (19, 29)              (23, 33)              2                     2                     3                     
1245                  (19, 29)              (23, 34)              1                     1                     6                     
1245                  (19, 29)              (23, 34)              1                     2                     5                     
1245                  (19, 29)              (23, 34)              2                     1                     6                     
1245                  (19, 29)              (23, 34)              2                     2                     4                     
1246                  (19, 29)              (24, 30)              1                     1                     6                     
1246                  (19, 29)              (24, 30)              1                     2                     5                     
1246                  (19, 29)              (24, 30)              2                     1                     6                     
1246                  (19, 29)              (24, 30)              2                     2                     4                     
1247                  (19, 29)              (24, 31)              1                     1                     6                     
1247                  (19, 29)              (24, 31)              1                     2                     5                     
1247                  (19, 29)              (24, 31)              2                     1                     6                     
1247                  (19, 29)              (24, 31)              2                     2                     4                     
1248                  (19, 29)              (24, 32)              1                     1                     6                     
1248                  (19, 29)              (24, 32)              1                     2                     5                     
1248                  (19, 29)              (24, 32)              2                     1                     6                     
1248                  (19, 29)              (24, 32)              2                     2                     4                     
1249                  (19, 29)              (24, 33)              1                     1                     6                     
1249                  (19, 29)              (24, 33)              1                     2                     5                     
1249                  (19, 29)              (24, 33)              2                     1                     6                     
1249                  (19, 29)              (24, 33)              2                     2                     4                     
1250                  (19, 29)              (24, 34)              1                     1                     6                     
1250                  (19, 29)              (24, 34)              1                     2                     5                     
1250                  (19, 29)              (24, 34)              2                     1                     6                     
1250                  (19, 29)              (24, 34)              2                     2                     4                     
